Uploaded Date,Approved Date,Terms,Carrier,MC #,DOT #,Ref. #,Carrier Inv #,Net Amt Due,Pay By,Payment Status,InvoiceKey,PayeeKey,Invoice Draft Id,AppliedToKey
05/19/23,05/19/23,SP,DALLAS FORT WORTH TRUCKING CORPORATION,645399,1766928,556235,18816615,$700.00,ACH to TRIUMPH FINANCIAL SERVICES,Not Started,zz1h0o94ij939t4DGETS04,DFWTDATX,,
05/22/23,05/19/23,SP,FOUR SEASONS LOGISTICS INC,1223339,3601268,570712,19392086,"$3,700.00",ACH to TRIUMPH FINANCIAL SERVICES,Not Started,zz1h0smu6bs0mqkDGETS02,FOURROT1,,
05/22/23,05/19/23,SP,HOTHI FREIGHTLINES,833484,2420086,570767,41205,"$3,250.00","ACH to CRESTMARK TPG, LLC",Not Started,zz1h0smu6dv0mqkDGETS02,HOTHSACA,,
05/22/23,05/19/23,SP,EXTRA MILE TRANSPORT INC,45793,3043222,571379,4074,"$4,300.00","ACH to WEX FLEET ONE FACTORING, LLC",Not Started,zz1h0smu6g20mqkDGETS02,EXTRSACA,,
05/22/23,05/19/23,SP,JB EXPRESS TRANSPORT INC,953521,2844743,572573,572573,"$1,450.00",ACH to ENGLAND CARRIER SERVICES dba C.R. ENGLAND,Not Started,zz1h0smu6i20mqkDGETS02,JBEXANTN,,
05/22/23,05/19/23,SP,"NEW SUNSHINE TRANSPORTATION, INC.",454220,1126943,572675,28897,$600.00,"ACH to CRESTMARK TPG, LLC",Not Started,zz1h0smu6k30mqkDGETS02,NEWSFRCA,,
05/22/23,05/19/23,SP,LIBERTY FREIGHTLINES INC,95524,3135121,572683,19391873,$600.00,ACH to TRIUMPH FINANCIAL SERVICES,Not Started,zz1h0smu6lr0mqkDGETS02,LIBEMACA,,
05/22/23,05/19/23,SP,EXTRA MILE TRANSPORT INC,45793,3043222,572762,4066,"$4,500.00","ACH to WEX FLEET ONE FACTORING, LLC",Not Started,zz1h0smu6nt0mqkDGETS02,EXTRSACA,,
05/22/23,05/19/23,SP,UNITED CARRIER INC,722299,2065311,572770,12938,"$3,400.00",ACH to ORANGE COMMERCIAL CREDIT,Not Started,zz1h0smu6pt0mqkDGETS02,UNITEAMN,,
05/22/23,05/19/23,SP,HOTHI FREIGHTLINES,833484,2420086,574187,41203,"$3,000.00","ACH to CRESTMARK TPG, LLC",Not Started,zz1h0smu6rr0mqkDGETS02,HOTHSACA,,
05/22/23,05/19/23,SP,EXTRA MILE TRANSPORT INC,45793,3043222,574291,4079,"$4,300.00","ACH to WEX FLEET ONE FACTORING, LLC",Not Started,zz1h0smu6tu0mqkDGETS02,EXTRSACA,,
05/22/23,05/19/23,SP,AMRIK SINGH,476757,1210128,578691,578691,$750.00,ACH to TRIUMPH FINANCIAL SERVICES,Not Started,zz1h0smu71t0mqkDGETS02,AMRIGRI1,,
05/22/23,05/19/23,SP,AMRIK SINGH,476757,1210128,579247,579247,$750.00,ACH to TRIUMPH FINANCIAL SERVICES,Not Started,zz1h0smu73s0mqkDGETS02,AMRIGRI1,,
05/22/23,05/19/23,SP,AMRIK SINGH,476757,1210128,579872,579872,$750.00,ACH to TRIUMPH FINANCIAL SERVICES,Not Started,zz1h0smu77n0mqkDGETS02,AMRIGRI1,,
05/22/23,05/19/23,SP,SLATE NATION LOGISTICS LLC,1481678,3967677,580087,511706,$550.00,ACH to ITHRIVE FUNDING LLC,Not Started,zz1h0smu79p0mqkDGETS02,SLATCAIL,,
05/22/23,05/19/23,SP,PRECIOUS CARGO LLC,1161195,3509543,580709,OTR11715611,"$2,200.00",ACH to OTR SOLUTIONS,Not Started,zz1h0smu7br0mqkDGETS02,PRECMIMN,,
05/22/23,05/19/23,SP,AMRIK SINGH,476757,1210128,582996,582996,$750.00,ACH to TRIUMPH FINANCIAL SERVICES,Not Started,zz1h0smu7lp0mqkDGETS02,AMRIGRI1,,
05/22/23,05/19/23,SP,LYHNIDAS EXPRESS INC,1129786,3461128,583547,583547,$600.00,"ACH to RTS FINANCIAL SERVICE, INC",Not Started,zz1h0smu8450mqkDGETS02,LINTLIMI,,
05/22/23,05/19/23,SP,JASBIR SINGH BAINS,736463,2112438,584272,10417,$400.00,"ACH to RTS FINANCIAL SERVICE, INC",Not Started,zz1h0smu88e0mqkDGETS02,UTSYUCA,,
05/22/23,05/19/23,SP,JASBIR SINGH BAINS,736463,2112438,584275,10414,$400.00,"ACH to RTS FINANCIAL SERVICE, INC",Not Started,zz1h0smu8aq0mqkDGETS02,UTSYUCA,,
05/22/23,05/19/23,SP,ORO TRANSPORTATION LLC,958079,2860041,584344,584344,$600.00,ACH to CARRIERNET GROUP,Not Started,zz1h0smu8d20mqkDGETS02,OROTBLMN,,
05/22/23,05/19/23,SP,GFI,11563,2976159,584787,4966,$976.13,ACH to TRIUMPH FINANCIAL SERVICES,Not Started,zz1h0smu8f90mqkDGETS02,GFICOTN,,
05/22/23,05/19/23,SP,LYHNIDAS EXPRESS INC,1129786,3461128,585100,585100,$600.00,"ACH to RTS FINANCIAL SERVICE, INC",Not Started,zz1h0smu8p50mqkDGETS02,LINTLIMI,,
05/22/23,05/19/23,SP,DIMBIL TRANSPORT LLC,121852,3174517,585124,1185963,"$1,275.00",ACH to PAY4FREIGHT.COM,Not Started,zz1h0smu8r70mqkDGETS02,DIMBTAKY,,
05/22/23,05/19/23,SP,AVCA TRANS LLC,900252,2574516,585351,511666,$350.00,ACH to ITHRIVE FUNDING LLC,Not Started,zz1h0smu96h0mqkDGETS02,AVCAWEUT,,
05/22/23,05/19/23,SP,OSCAR GONZALEZ-MADRIGAL,115226,2987572,585417,19390334,"$1,000.00",ACH to TRIUMPH FINANCIAL SERVICES,Not Started,zz1h0smu9f80mqkDGETS02,ELBAFOCA,,
05/22/23,05/19/23,SP,BORDERLANDERS INC,1019332,3243700,585675,251705,"$1,500.00",ACH to ENGAGED FINANCIAL,Not Started,zz1h0smu9oj0mqkDGETS02,BORDPIPA,,
05/22/23,05/19/23,SP,PYRAMID LOGISTICS LLC,1295025,3701091,585998,19390709,"$1,300.00",ACH to TRIUMPH FINANCIAL SERVICES,Not Started,zz1h0smu9uk0mqkDGETS02,PYRALIIL,,
05/22/23,05/19/23,SP,PROVIDENCE TRANSPORT LLC,851622,1803778,586182,28264,$375.00,"ACH to WEX FLEET ONE FACTORING, LLC",Not Started,zz1h0smua4g0mqkDGETS02,PROVWETX,,
05/22/23,05/19/23,SP,CARRIER INCORPORATED,983008,2916923,586435,1137178882,$650.00,"ACH to RTS FINANCIAL SERVICE, INC",Not Started,zz1h0smua6e0mqkDGETS02,CARRSCIL,,
05/22/23,05/19/23,SP,AGMAV TRUCKING CORP,1220690,3597404,586574,19388996,$500.00,ACH to TRIUMPH FINANCIAL SERVICES,Not Started,zz1h0smua8h0mqkDGETS02,AGMAELNJ,,
05/22/23,05/19/23,SP,MAKAVELI LLC,1420269,3875608,589182,185,$950.00,ACH to TAFS,Not Started,zz1h0qriehf2ajkDGETS04,MAKABYMS,,
05/22/23,05/19/23,SP,YELLOW CITY LOGISTICS LLC,35784,3023818,582594,582594,"$1,020.00",ACH to ECAPITAL FREIGHT FACTORING CORP,Not Started,zz1h0qrib572ajkDGETS04,YELLAMTX,,
05/22/23,05/19/23,SP,APB TRANSPORT LLC,73248,2158340,582903,582903,"$1,000.00",ACH to ECAPITAL FREIGHT FACTORING CORP,Not Started,zz1h0qribde2ajkDGETS04,APBTCAMS,,
05/22/23,05/19/23,SP,PREET TRANSPORT LLC,1102331,3415178,582959,582959,$500.00,ACH to ECAPITAL FREIGHT FACTORING CORP,Not Started,zz1h0qribfj2ajkDGETS04,PREEPAWA,,
05/22/23,05/19/23,SP,CREATIVE TRADE GROUP INC,1073707,3354881,585115,585115,$630.00,ACH to ECAPITAL FREIGHT FACTORING CORP,Not Started,zz1h0qric1h2ajkDGETS04,FOXCSTCT,,
05/22/23,05/19/23,SP,9834702 CANADA INC,1466031,3944592,585521,585521,"$1,700.00",ACH to JD FACTORS LLC,Not Started,zz1h0qriceo2ajkDGETS04,9834BRON,,
05/22/23,05/19/23,SP,ATIM INC,876559,2524188,586043,966012,$700.00,ACH to NEXT DAY FUNDING,Not Started,zz1h0qricku2ajkDGETS04,ATIMMUIL,,
05/22/23,05/19/23,SP,BRAVO EXPRESS TRANSPORTATION,1345457,3770083,586528,965904,"$1,750.00",ACH to NEXT DAY FUNDING,Not Started,zz1h0qricum2ajkDGETS04,BRAVLEIL,,
05/22/23,05/19/23,SP,STL TRUCKERS LLC,876335,2523551,586683,586683,"$1,719.00",ACH to TAFS,Not Started,zz1h0qrid0q2ajkDGETS04,STLTSTMO,,
05/22/23,05/19/23,SP,DREAMWORKS CARRIER LLC,43812,3039280,588168,10669,"$1,100.00",ACH to CD CONSORTIUM CORPORATION dba CAPITAL DEPOT,Not Started,zz1h0qridsb2ajkDGETS04,DREALANV,,
05/22/23,05/19/23,SP,ONE FALCON LOGISTICS LLC,1474303,3956656,584162,OTR11713117,"$1,300.00",ACH to OTR SOLUTIONS,Not Started,zz1h0qrtdi02r7sDGETS02,ONEFVACA,,
05/22/23,05/19/23,SP,TR LINES INC,146198,3195038,585203,585203,"$1,900.00",ACH to APEX CAPITAL CORP,Not Started,zz1h0qrte362r7sDGETS02,TRLIPHPA,,
05/22/23,05/19/23,SP,SERVIMATE LLC,1187279,3548143,585349,481,$415.00,ACH to APEX CAPITAL CORP,Not Started,zz1h0qrte5b2r7sDGETS02,SERVROWY,,
05/22/23,05/19/23,SP,RUBIO SOUTH VALLEY EXPRESS LLC,1144202,3483665,585648,791,$735.00,ACH to APEX CAPITAL CORP,Not Started,zz1h0qrteep2r7sDGETS02,RUBIBRTX,,
05/22/23,05/19/23,SP,2AM GROUP INC,957873,2859643,586086,586086,"$1,054.00",ACH to APEX CAPITAL CORP,Not Started,zz1h0qrtepm2r7sDGETS02,2AMGDOIL,,
05/22/23,05/19/23,SP,MOTOR CARGO INC,17713,2988262,578513,12301015,"$1,215.00",ACH to ECAPITAL FREIGHT FACTORING CORP,Not Started,zz1h0qrv8jm2egsDGETS02,MOTOLII1,,
05/22/23,05/19/23,SP,VIDMA INC,742668,2132319,579032,966615,"$1,200.00",ACH to NEXT DAY FUNDING,Not Started,zz1h0qrv8o32egsDGETS02,VIDMHAIL,,
05/22/23,05/19/23,SP,MM&SON'S XP LLC,1235118,3618462,587814,587814,$199.00,ACH to SMARTTRUCKER LLC,Not Started,zz1h0qrvdj22egsDGETS02,MMSOKEWI,,
05/22/23,05/19/23,SP,ASAIMA TRUCKING LLC,930260,2789528,587171,85817,$226.00,ACH to RIVIERA FINANCE,Not Started,zz1h0qs39713ub0DGETS05,ASAIGIAZ,,
05/22/23,05/19/23,SP,CARLOS M DELGADO,,3065949,585128,305,$435.00,ACH to THUNDER FUNDING dba THUNDER CARRIER SERVICES LLC,Not Started,zz1h0smsl5h0jqkDGETS02,CARLBACA,,
05/22/23,05/19/23,SP,LIGHTNING TRANSPORT AND LOGISTICS LLC,885234,2519126,588411,72693,"$2,300.00","ACH to COMPASS FUNDING SOLUTIONS, LLC.",Not Started,zz1h0smsofc0jqkDGETS02,LIGHTAFL,,
05/22/23,05/19/23,SP,TAZ LINES LLC,1049794,3306993,588674,5193,"$1,100.00","ACH to COMPASS FUNDING SOLUTIONS, LLC.",Not Started,zz1h0smsoqg0jqkDGETS02,TAZLHIIL,,
05/22/23,05/19/23,SP,ENERGY TRUCKING LLC,942014,2822651,589551,115681,"$1,500.00","ACH to COMPASS FUNDING SOLUTIONS, LLC.",Not Started,zz1h0smsppp0jqkDGETS02,ENERPAOH,,
05/22/23,05/19/23,SP,UNUT SNACKS TRANSPORTATION INC,1220747,3597493,589183,2417,"$1,600.00","ACH to COMPASS FUNDING SOLUTIONS, LLC.",Not Started,zz1h0smspam0jqkDGETS02,UNUTWHIL,,
05/22/23,05/19/23,SP,SKYWAY TRANSPORTATION INC,1180283,3538108,548787,548787,"$1,740.00","ACH to COMPASS FUNDING SOLUTIONS, LLC.",Not Started,zz1h0qs34hj3ub0DGETS05,SKYWWIIL,,
05/22/23,05/19/23,SP,JEMPS TRANSPORT LLC,1050537,3308491,589970,F1415,$900.00,ACH to LOVE'S FINANCIAL,Not Started,zz1h0smsqi70jqkDGETS02,JEMPJENJ,,
05/22/23,05/19/23,SP,TRU LINE LLC,1409607,3859768,588988,LF1304,"$2,000.00",ACH to LOVE'S FINANCIAL,Not Started,zz1h0smsp6d0jqkDGETS02,TRULHOTX,,
05/22/23,05/19/23,SP,SEHGAL TRANSPORT INC,1122326,3449062,563853,563853,$650.00,ACH to LOVE'S FINANCIAL,Not Started,zz1h0qs3elu2mdgDGETS04,SEHGMOCA,,
05/22/23,05/19/23,SP,BGD FREIGHT INC.,963844,2873481,582958,8613,"$2,900.00",ACH to CD CONSORTIUM CORPORATION dba CAPITAL DEPOT,Not Started,zz1h0qs3ftl2mdgDGETS04,BGDFLANV,,
05/22/23,05/19/23,SP,NERKO'S EXPRESS TRUCKING LLC,744855,2140187,586661,6049,$925.00,ACH to ASSIST FINANCIAL SERVICES dba AFS,Not Started,zz1h0smsmk80jqkDGETS02,NERKSTMO,,
05/22/23,05/19/23,SP,TRANSFINITY LOGISTICS INC,806964,2355940,585616,585616,"$1,900.00",ACH to JD FACTORS LLC,Not Started,zz1h0smslct0jqkDGETS02,TRANADIL,,
05/22/23,05/19/23,SP,M7 TRANSPORTATION LLC,977577,2904384,585518,2058,$900.00,ACH to JD FACTORS LLC,Not Started,zz1h0qs38713ub0DGETS05,M7TRFOTX,,
05/22/23,05/19/23,SP,HOWARD BROTHERS CONSTRUCTION LLC,919666,2639508,587110,587110,$675.00,ACH to SUNBELT FINANCE,Not Started,zz1h0smub8r0mqkDGETS02,JTRUCOMS,,
05/22/23,05/19/23,SP,PROVIDENCE TRANSPORT LLC,851622,1803778,587182,28200,$375.00,"ACH to WEX FLEET ONE FACTORING, LLC",Not Started,zz1h0smsnd00jqkDGETS02,PROVWETX,,
05/22/23,05/19/23,SP,SDL CARRIERS INC,33703,3019765,588208,588208,$850.00,ACH to FINANCIAL CARRIER SERVICES,Not Started,zz1h0smso770jqkDGETS02,SDLCLAT1,,
05/22/23,05/19/23,SP,PCC REFRIGERATED EXPRESS INC,168869,234602,587593,57438,$800.00,ACH to CORPORATE BILLING LLC,Not Started,zz1h0smsnnv0jqkDGETS02,PCCRCOOH,,
05/22/23,05/19/23,SP,A & L TRUCKING OF PALM BEACH LLC,88010,3121089,582555,3477740,$395.00,ACH to TBS FACTORING SERVICE,Not Started,zz1h0qrv9rq2egsDGETS02,ALTRLAFL,,
05/22/23,05/19/23,SP,A & L TRUCKING OF PALM BEACH LLC,88010,3121089,584273,3477742,$395.00,ACH to TBS FACTORING SERVICE,Not Started,zz1h0qrvaml2egsDGETS02,ALTRLAFL,,
05/22/23,05/19/23,SP,A & L TRUCKING OF PALM BEACH LLC,88010,3121089,582559,3477741,$395.00,ACH to TBS FACTORING SERVICE,Not Started,zz1h0qs35bi3ub0DGETS05,ALTRLAFL,,
05/22/23,05/19/23,SP,S & G TRANSPORTS LLC,1044306,3295583,590042,3478563,"$1,000.00",ACH to TBS FACTORING SERVICE,Not Started,zz1h0smsqo50jqkDGETS02,SGTRCHNC,,
05/22/23,05/19/23,SP,O&S INDUSTRIES LLC,676181,1872123,587652,3476883,$750.00,ACH to TBS FACTORING SERVICE,Not Started,zz1h0qrvd6n2egsDGETS02,OSINTOOH,,
05/22/23,05/19/23,SP,ASANTE TRUCKING LLC,989843,2931298,586946,15406,$400.00,ACH to SAFINANCIAL GROUP INC,Not Started,zz1h0smsn4l0jqkDGETS02,ASANFIIN,,
05/22/23,05/19/23,SP,HMD TRUCKING INC,415186,976560,589517,589517,"$1,300.00",ACH to HMD TRUCKING INC,Not Started,zz1h0qrvfq62egsDGETS02,HMDTCHIL,,
05/22/23,05/19/23,SP,LESTER A LORENZO TRUCKING LLC,111111,3160921,588759,204,$600.00,ACH to TAB BANK dba TRANSPORTATION ALLIANCE BANK,Not Started,zz1h0qs3afv3ub0DGETS05,TRANHOF1,,
05/22/23,05/19/23,SP,TOLBERT TRANSPORTATION LLC,1343684,3767500,588938,ALPHATOLB,$900.00,ACH to QP CAPITAL,Not Started,zz1h0smsouj0jqkDGETS02,TOLBPOIN,,
05/22/23,05/19/23,SP,CNL TRANSPORT INC,809532,2361930,585944,585944,$728.00,ACH to POWER FUNDING LTD,Not Started,zz1h0smslok0jqkDGETS02,CNLTELTX,,
05/22/23,05/19/23,SP,INTERSPED INC,595997,1611878,586967,966288,"$1,200.00",ACH to NEXT DAY FUNDING,Not Started,zz1h0qrvci22egsDGETS02,AMCADEIL,,
05/22/23,05/19/23,SP,DIJ TRANSCO LTD,115896,3167871,583927,966483,"$1,500.00",ACH to NEXT DAY FUNDING,Not Started,zz1h0qrvaj22egsDGETS02,DIJTPLIL,,
05/22/23,05/19/23,SP,BRAVO EXPRESS TRANSPORTATION,1345457,3770083,583271,966226,"$1,800.00",ACH to NEXT DAY FUNDING,Not Started,zz1h0qrva5k2egsDGETS02,BRAVLEIL,,
05/22/23,05/19/23,SP,BRAVO EXPRESS TRANSPORTATION,1345457,3770083,583049,966128,"$1,790.00",ACH to NEXT DAY FUNDING,Not Started,zz1h0qs36043ub0DGETS05,BRAVLEIL,,
05/22/23,05/19/23,SP,ATIM INC,876559,2524188,584365,965835,$700.00,ACH to NEXT DAY FUNDING,Not Started,zz1h0qs36pv3ub0DGETS05,ATIMMUIL,,
05/22/23,05/19/23,SP,PB TRANSPORTATION INC,1122150,3448788,588740,3881932,$955.00,ACH to LOVE'S FINANCIAL – QUICK FUNDING DIVISION,Not Started,zz1h0qs3l6q2mdgDGETS04,PBTRPEIN,,
05/22/23,05/19/23,SP,LEWIS LOGISTICS LLC,92417,3129626,587778,587778,$800.00,ACH to FREIGHT COLLECT INC,Not Started,zz1h0smsnun0jqkDGETS02,LEWIHAMS,,
05/22/23,05/19/23,SP,LT TRANSPORT LLC,1165603,3516371,547744,547744,$775.00,ACH to TAFS,Not Started,zz1h0qs3ek32mdgDGETS04,LTTRPRRI,,
05/22/23,05/19/23,SP,STL TRUCKERS LLC,876335,2523551,586026,IN000030154801,"$1,900.00",ACH to TAFS,Not Started,zz1h0smslqe0jqkDGETS02,STLTSTMO,,
05/22/23,05/19/23,SP,SANT TRANSPORT INC,1146508,3487211,586386,586386,$450.00,ACH to TAFS,Not Started,zz1h0smsm6g0jqkDGETS02,SANTBACA,,
05/22/23,05/19/23,SP,HB FREIGHT EXPERTS LLC,1050414,3308230,587837,4590,$700.00,ACH to TRANSPORTATION FINANCE CORP,Not Started,zz1h0smso0g0jqkDGETS02,HBFRMOIL,,
05/22/23,05/19/23,SP,CREATIVE TRADE GROUP INC,1073707,3354881,589816,589816,$250.00,ACH to ECAPITAL FREIGHT FACTORING CORP,Not Started,zz1h0smsq3q0jqkDGETS02,FOXCSTCT,,
05/22/23,05/19/23,SP,TWIN CITY TRANSPORTATION INC,166765,229999,586194,457879,"$2,625.00",ACH to ECAPITAL FREIGHT FACTORING CORP,Not Started,zz1h0qrvblv2egsDGETS02,TWINLIAR,,
05/22/23,05/19/23,SP,"US PRIME FREIGHT SYSTEMS, INC",973880,2893100,589235,589235,$600.00,ACH to ECAPITAL FREIGHT FACTORING CORP,Not Started,zz1h0smspfa0jqkDGETS02,USPRGACA,,
05/22/23,05/19/23,SP,ARIA TRANSPORTATION CO LLC,1095043,3401683,585800,585800,$550.00,ACH to ECAPITAL FREIGHT FACTORING CORP,Not Started,zz1h0qs38cm3ub0DGETS05,ARIAIRCA,,
05/22/23,05/19/23,SP,ENDRI TRANSPORTATION INC,1066088,3336571,589489,190,"$2,450.00","ACH to RTS FINANCIAL SERVICE, INC",Not Started,zz1h0smsplk0jqkDGETS02,ENDRCLMI,,
05/22/23,05/19/23,SP,PACIFIC MOTOR LINE LLC,868253,2504644,589799,5182023HL,$700.00,"ACH to RTS FINANCIAL SERVICE, INC",Not Started,zz1h0qrvg9u2egsDGETS02,PACIMEPA,,
05/22/23,05/19/23,SP,MIRACLE CARGO INC,1362853,3793840,589867,282,$950.00,"ACH to RTS FINANCIAL SERVICE, INC",Not Started,zz1h0smsq9u0jqkDGETS02,MIRAMAOH,,
05/22/23,05/19/23,SP,SANFORD TRANSPORTATION LLC,1374421,3809775,587674,319,$400.00,"ACH to RTS FINANCIAL SERVICE, INC",Not Started,zz1h0smsnsm0jqkDGETS02,SANFCOTN,,
05/22/23,05/19/23,SP,STEEL RUNNER LOGISTICS LLC,1481629,3967617,587555,1515,$900.00,"ACH to RTS FINANCIAL SERVICE, INC",Not Started,zz1h0smsnlp0jqkDGETS02,STEENOAZ,,
05/22/23,05/19/23,SP,SUN LOGISTICS SYSTEM LLC,1362037,3792753,589974,157,$750.00,"ACH to RTS FINANCIAL SERVICE, INC",Not Started,zz1h0smsqk60jqkDGETS02,SUNLFOIN,,
05/22/23,05/19/23,SP,PARADISE WAY TRANSPORT LLC,1275660,3674797,585073,585073,$700.00,"ACH to RTS FINANCIAL SERVICE, INC",Not Started,zz1h0smsl170jqkDGETS02,PARAININ,,
05/22/23,05/19/23,SP,CARRIER INCORPORATED,983008,2916923,582829,1137178588,$650.00,"ACH to RTS FINANCIAL SERVICE, INC",Not Started,zz1h0qs35q53ub0DGETS05,CARRSCIL,,
05/22/23,05/19/23,SP,CARRIER INCORPORATED,983008,2916923,586849,1137179280,$650.00,"ACH to RTS FINANCIAL SERVICE, INC",Not Started,zz1h0smsmv00jqkDGETS02,CARRSCIL,,
05/22/23,05/19/23,SP,US ROADWAY INC,67042,3081779,586339,47702,$625.00,"ACH to RTS FINANCIAL SERVICE, INC",Not Started,zz1h0smsm4a0jqkDGETS02,USROBEIL,,
05/22/23,05/19/23,SP,ROAD FALCONS INC,95981,3135953,584563,21611,$590.00,"ACH to RTS FINANCIAL SERVICE, INC",Not Started,zz1h0smskuq0jqkDGETS02,ROADHII1,,
05/22/23,05/19/23,SP,LEONID DEMCHUK,689954,1931419,585815,585815,$900.00,"ACH to RTS FINANCIAL SERVICE, INC",Not Started,zz1h0smslii0jqkDGETS02,LIONSAC1,,
05/22/23,05/19/23,SP,UNI TRANS LLC,809632,2362162,589521,218067,"$2,500.00","ACH to RTS FINANCIAL SERVICE, INC",Not Started,zz1h0smspni0jqkDGETS02,UNITAKOH,,
05/22/23,05/19/23,SP,UNITED FREIGHT TRANSPORT LLC,796443,2332780,586101,26138,"$2,300.00","ACH to RTS FINANCIAL SERVICE, INC",Not Started,zz1h0smsluc0jqkDGETS02,UNITLATX,,
05/22/23,05/19/23,SP,UNITED FREIGHT TRANSPORT LLC,796443,2332780,587305,26222,$300.00,"ACH to RTS FINANCIAL SERVICE, INC",Not Started,zz1h0smsneu0jqkDGETS02,UNITLATX,,
05/22/23,05/19/23,SP,STATE EXPRESS INC,844472,2447112,586471,233010,$670.00,"ACH to RTS FINANCIAL SERVICE, INC",Not Started,zz1h0smsmb90jqkDGETS02,STATWOIL,,
05/22/23,05/19/23,SP,CORAM LOGISTIC INC,823791,2395901,589841,CR5007,$900.00,"ACH to RTS FINANCIAL SERVICE, INC",Not Started,zz1h0smsq800jqkDGETS02,CORARACA,,
05/22/23,05/19/23,SP,IIK TRANSPORT INC,789489,2285949,588211,124129,$950.00,"ACH to RTS FINANCIAL SERVICE, INC",Not Started,zz1h0smso950jqkDGETS02,IIKTCHIL,,
05/22/23,05/19/23,SP,RAK TRANSPORT LLC,1103225,3416607,588978,588978,"$1,600.00","ACH to RTS FINANCIAL SERVICE, INC",Not Started,zz1h0smsp2f0jqkDGETS02,RAKTHACT,,
05/22/23,05/19/23,SP,MK EXPRESS GROUP INC,967205,2881786,586163,586163,$650.00,"ACH to RTS FINANCIAL SERVICE, INC",Not Started,zz1h0smsm0c0jqkDGETS02,MKEXBUIL,,
05/22/23,05/19/23,SP,CHAHAL LOGISTICS INC,154080,3197067,590231,202305191,$900.00,"ACH to RTS FINANCIAL SERVICE, INC",Not Started,zz1h0smsqq20jqkDGETS02,CHAHLEIL,,
05/22/23,05/19/23,SP,BRAVO LOGISTICS LLC,1031511,3268673,588039,1873,"$2,400.00","ACH to RTS FINANCIAL SERVICE, INC",Not Started,zz1h0smso550jqkDGETS02,BRAVMAMO,,
05/22/23,05/19/23,SP,SEA COAST TRANSPORT LLC,53307,3057522,589795,1592401,"$2,650.00","ACH to RTS FINANCIAL SERVICE, INC",Not Started,zz1h0smspvr0jqkDGETS02,SEACFANC,,
05/22/23,05/19/23,SP,VETERANS EXPEDITE LLC,1007469,3219928,585938,7914A,$775.00,"ACH to RTS FINANCIAL SERVICE, INC",Not Started,zz1h0smslmr0jqkDGETS02,VETEMEMI,,
05/22/23,05/19/23,SP,CALDERON TRUCKING INC,169567,3014754,588629,58522,$450.00,"ACH to RTS FINANCIAL SERVICE, INC",Not Started,zz1h0smsoob0jqkDGETS02,CALDLATX,,
05/22/23,05/19/23,SP,"USA SILK WAY, INC",959267,2862476,589574,5478,"$1,800.00","ACH to RTS FINANCIAL SERVICE, INC",Not Started,zz1h0smsprp0jqkDGETS02,USASAUCO,,
05/22/23,05/19/23,SP,LYHNIDAS EXPRESS INC,1129786,3461128,586591,586591,$600.00,"ACH to RTS FINANCIAL SERVICE, INC",Not Started,zz1h0smuaam0mqkDGETS02,LINTLIMI,,
05/22/23,05/19/23,SP,LYHNIDAS EXPRESS INC,1129786,3461128,586608,586608,$600.00,"ACH to RTS FINANCIAL SERVICE, INC",Not Started,zz1h0smuacq0mqkDGETS02,LINTLIMI,,
05/22/23,05/19/23,SP,LYHNIDAS EXPRESS INC,1129786,3461128,585101,585101,$600.00,"ACH to RTS FINANCIAL SERVICE, INC",Not Started,zz1h0smsl3c0jqkDGETS02,LINTLIMI,,
05/22/23,05/19/23,SP,MYO TRUCKING INC,72282,3090707,585756,2389,"$1,600.00","ACH to RTS FINANCIAL SERVICE, INC",Not Started,zz1h0smslgl0jqkDGETS02,MYOTEDTX,,
05/22/23,05/19/23,SP,ITM LOGISTICS INC,1035787,3277635,586073,884,$900.00,"ACH to RTS FINANCIAL SERVICE, INC",Not Started,zz1h0smslse0jqkDGETS02,ITMLROCA,,
05/22/23,05/19/23,SP,SCORPION TRANS INC,96778,3137195,586176,586176,$700.00,"ACH to RTS FINANCIAL SERVICE, INC",Not Started,zz1h0smsm2e0jqkDGETS02,HAPPBACA,,
05/22/23,05/19/23,SP,"ROBERT BRANUM TRUCKING, LP",272105,549303,586482,BT37632,$900.00,ACH to OTR SOLUTIONS,Not Started,zz1h0smsmda0jqkDGETS02,ROBEAMTX,,
05/22/23,05/19/23,SP,M & K TRANSPORT CORP,973767,2836025,588949,OTR11713421,"$1,600.00",ACH to OTR SOLUTIONS,Not Started,zz1h0smsp0g0jqkDGETS02,MKTRMIFL,,
05/22/23,05/19/23,SP,QUALITY CARRIERS OF MISSISSI,1173893,3528618,585216,OTR11714169,$920.00,ACH to OTR SOLUTIONS,Not Started,zz1h0smsl9a0jqkDGETS02,QUALCOMS,,
05/22/23,05/19/23,SP,QUALITY CARRIERS OF MISSISSI,1173893,3528618,589180,OTR11713985,$950.00,ACH to OTR SOLUTIONS,Not Started,zz1h0smsp8l0jqkDGETS02,QUALCOMS,,
05/22/23,05/19/23,SP,QUALITY CARRIERS OF MISSISSI,1173893,3528618,586825,OTR11714996,$850.00,ACH to OTR SOLUTIONS,Not Started,zz1h0smuark0mqkDGETS02,QUALCOMS,,
05/22/23,05/19/23,SP,JKC INVESTMENT INC,937756,2886878,590049,OTR11711861,$275.00,ACH to OTR SOLUTIONS,Not Started,zz1h0qrvgce2egsDGETS02,JKCIELIL,,
05/22/23,05/19/23,SP,ICON GLOBAL LOGISTICS LLC,1150901,3493968,587280,OTR11696502,"$1,000.00",ACH to OTR SOLUTIONS,Not Started,zz1h0qs398u3ub0DGETS05,ICONORFL,,
05/22/23,05/19/23,SP,TSUNAMI TRANSPORTATION INC,996550,2944735,585196,OTR11714178,$480.00,ACH to OTR SOLUTIONS,Not Started,zz1h0smsl7d0jqkDGETS02,TSUNBEDE,,
05/22/23,05/19/23,SP,FENTON LOGISTICS LLC,1240018,3625476,589348,OTR11710983,"$1,000.00",ACH to OTR SOLUTIONS,Not Started,zz1h0smsphc0jqkDGETS02,FENTHAPA,,
05/22/23,05/19/23,SP,VALENTINO GARCIA,1329231,3568122,587294,OTR11710888,$350.00,ACH to OTR SOLUTIONS,Not Started,zz1h0qs39ao3ub0DGETS05,VALEMOCA,,
05/22/23,05/19/23,SP,SOUTHBOUND TRANSPORT LLC,1447946,3917431,584300,OTR11700797,$435.00,ACH to OTR SOLUTIONS,Not Started,zz1h0qs36k23ub0DGETS05,SOUTREIL,,
05/22/23,05/19/23,SP,HEADED OUT TRUCKING LLC,1380735,3818336,586623,OTR11714585,"$1,820.00",ACH to OTR SOLUTIONS,Not Started,zz1h0smuaer0mqkDGETS02,HEADMAAL,,
05/22/23,05/19/23,SP,GILI LLC,1420607,3876134,588215,OTR11710704,$720.00,ACH to OTR SOLUTIONS,Not Started,zz1h0qs3acb3ub0DGETS05,GILIDACO,,
05/22/23,05/19/23,SP,SECURITY NEST TRUCKING INC,1297474,3704370,590243,511927,$450.00,ACH to ITHRIVE FUNDING LLC,Not Started,zz1h0smsqs20jqkDGETS02,SECUROIL,,
05/22/23,05/19/23,SP,ICT LLC,1337004,3758435,585903,585903,$600.00,ACH to SMARTTRUCKER LLC,Not Started,zz1h0smslkk0jqkDGETS02,ICTLBOID,,
05/22/23,05/19/23,SP,CROSSWOODS FREIGHT LLC,1374368,3809711,586758,586758,"$1,000.00",ACH to SMARTTRUCKER LLC,Not Started,zz1h0qs38t43ub0DGETS05,CROSCOOH,,
05/22/23,05/19/23,SP,NOVA FREIGHT LLC,1161243,3509638,586015,62009,"$1,500.00",ACH to TRIUMPH FINANCIAL SERVICES,Not Started,zz1h0qs38en3ub0DGETS05,NOVACHI1,,
05/22/23,05/19/23,SP,D & S LOGISTICS,13633,2978635,588625,19385064,$924.80,ACH to TRIUMPH FINANCIAL SERVICES,Not Started,zz1h0smsoj70jqkDGETS02,DSLONOAZ,,
05/22/23,05/19/23,SP,POINT LOGISTICS LLC,849596,2459419,585484,59795,$900.00,ACH to TRIUMPH FINANCIAL SERVICES,Not Started,zz1h0qs37uf3ub0DGETS05,POINCAIL,,
05/22/23,05/19/23,SP,PARIS LOGISTICS LLC,8066,2967070,586650,19388927,$900.00,ACH to TRIUMPH FINANCIAL SERVICES,Not Started,zz1h0smualj0mqkDGETS02,PARIMETN,,
05/22/23,05/19/23,SP,TASK CORPORATION,880548,2533235,588932,32243,"$1,750.00",ACH to TRIUMPH FINANCIAL SERVICES,Not Started,zz1h0qs3alq3ub0DGETS05,TASKAUIL,,
05/22/23,05/19/23,SP,A&R TRANSPORTATION LLC,1004261,3213879,586695,19393542,$800.00,ACH to TRIUMPH FINANCIAL SERVICES,Not Started,zz1h0smuanh0mqkDGETS02,ARTRELT1,,
05/22/23,05/19/23,SP,FREIGHT TRANS INC,1055117,3317827,586887,586887,$725.00,ACH to TRIUMPH FINANCIAL SERVICES,Not Started,zz1h0smsn2r0jqkDGETS02,FREIWEOH,,
05/22/23,05/19/23,SP,ASAIMA TRUCKING LLC,930260,2789528,586656,85814,$250.00,ACH to RIVIERA FINANCE,Not Started,zz1h0t41h0l22n4DGETS05,ASAIGIAZ,,
05/22/23,05/19/23,SP,ASAIMA TRUCKING LLC,930260,2789528,587168,85816,$226.00,ACH to RIVIERA FINANCE,Not Started,zz1h0t41hd122n4DGETS05,ASAIGIAZ,,
05/22/23,05/19/23,SP,ASAIMA TRUCKING LLC,930260,2789528,587170,85815,$250.00,ACH to RIVIERA FINANCE,Not Started,zz1h0t41heu22n4DGETS05,ASAIGIAZ,,
05/22/23,05/19/23,SP,ASAIMA TRUCKING LLC,930260,2789528,587175,85813,$226.00,ACH to RIVIERA FINANCE,Not Started,zz1h0t41hgs22n4DGETS05,ASAIGIAZ,,
05/22/23,05/19/23,SP,CARLOS M DELGADO,,3065949,588859,319,$150.00,ACH to THUNDER FUNDING dba THUNDER CARRIER SERVICES LLC,Not Started,zz1h0smudjh0mqkDGETS02,CARLBACA,,
05/22/23,05/19/23,SP,MELGAR TRUCKING LLC,1165456,3516144,585875,1042,$880.00,ACH to THUNDER FUNDING dba THUNDER CARRIER SERVICES LLC,Not Started,zz1h0ss4sav1cd8DGETS05,MELGSPMO,,
05/22/23,05/19/23,SP,BONANZA CARRIERS LLC,1261796,3655676,589848,3057,$150.00,"ACH to COMPASS FUNDING SOLUTIONS, LLC.",Not Started,zz1h0smuete0mqkDGETS02,BONAJOIL,,
05/22/23,05/19/23,SP,21 EXPRESS INC,15844,2984290,582004,3746,"$1,600.00","ACH to COMPASS FUNDING SOLUTIONS, LLC.",Not Started,zz1h0smsj780jqkDGETS02,21EXWIIL,,
05/22/23,05/19/23,SP,RLH LEGACY LLC,79166,3104077,586724,345,$350.00,ACH to APEX CAPITAL CORP,Not Started,zz1h0qrtfds2r7sDGETS02,RLHLGRFL,,
05/22/23,05/19/23,SP,M & J CARRIER INC,29254,3011310,586915,4846,$686.00,ACH to APEX CAPITAL CORP,Not Started,zz1h0qrtfs72r7sDGETS02,MJCAGRMI,,
05/22/23,05/19/23,SP,M & J CARRIER INC,29254,3011310,586451,4829,$668.00,ACH to APEX CAPITAL CORP,Not Started,zz1h0qrtf562r7sDGETS02,MJCAGRMI,,
05/22/23,05/19/23,SP,FL WAY LLC,977102,2903511,587423,1758,$750.00,ACH to APEX CAPITAL CORP,Not Started,zz1h0qrtghl2r7sDGETS02,FLWASTFL,,
05/22/23,05/19/23,SP,RUBIO SOUTH VALLEY EXPRESS LLC,1144202,3483665,589166,804,$150.00,ACH to APEX CAPITAL CORP,Not Started,zz1h0qs84j92r7sDGETS02,RUBIBRTX,,
05/22/23,05/19/23,SP,RUBIO SOUTH VALLEY EXPRESS LLC,1144202,3483665,589223,808,$600.00,ACH to APEX CAPITAL CORP,Not Started,zz1h0qrti1s2r7sDGETS02,RUBIBRTX,,
05/23/23,05/19/23,SP,SALINAS TRANSPORT LLC,834541,2422693,587077,37774,"$1,400.00",ACH to APEX CAPITAL CORP,Not Started,zz1h12jip5t2p78DGETS03,SALIBRTX,,
05/22/23,05/19/23,SP,SELC TRANSPORT LLC,988609,2928504,586647,1209,"$1,100.00",ACH to APEX CAPITAL CORP,Not Started,zz1h0qrtfbp2r7sDGETS02,SELCJAMS,,
05/22/23,05/19/23,SP,SPILLAWYN TRUCKING LLC,1481642,3967633,586502,278,$675.00,ACH to APEX CAPITAL CORP,Not Started,zz1h0qrtf7g2r7sDGETS02,SPILPEIL,,
05/22/23,05/19/23,SP,RED SHARK LOGISTIC LLC,1097076,3405821,588660,535,$500.00,ACH to APEX CAPITAL CORP,Not Started,zz1h0qrthfq2r7sDGETS02,REDSEACT,,
05/22/23,05/19/23,SP,NAV TRUCK LINES INC,137081,3191373,586167,F1645,$775.00,ACH to LOVE'S FINANCIAL,Not Started,zz1h0t41gsm22n4DGETS05,NAVTNOIN,,
05/22/23,05/19/23,SP,ALL ELITE TRUCKING LLC,,3884007,587131,587131,$315.00,ACH to PHOENIX CAPITAL GROUP,Not Started,zz1h0smubeq0mqkDGETS02,ALLEPHTX,,
05/22/23,05/19/23,SP,ALL ELITE TRUCKING LLC,,3884007,587133,587133,$315.00,ACH to PHOENIX CAPITAL GROUP,Not Started,zz1h0smubgr0mqkDGETS02,ALLEPHTX,,
05/22/23,05/19/23,SP,ALL ELITE TRUCKING LLC,,3884007,587850,587850,$300.00,ACH to PHOENIX CAPITAL GROUP,Not Started,zz1h0smucom0mqkDGETS02,ALLEPHTX,,
05/22/23,05/19/23,SP,ALL ELITE TRUCKING LLC,,3884007,587851,587851,$300.00,ACH to PHOENIX CAPITAL GROUP,Not Started,zz1h0smucql0mqkDGETS02,ALLEPHTX,,
05/22/23,05/19/23,SP,ALL ELITE TRUCKING LLC,,3884007,587130,587130,$315.00,ACH to PHOENIX CAPITAL GROUP,Not Started,zz1h0t41h9722n4DGETS05,ALLEPHTX,,
05/22/23,05/19/23,SP,TREASURE LAND TRUCKING LLC,1394926,3838326,588106,588106,$705.00,ACH to FIRSTLINE FUNDING,Not Started,zz1h0smucul0mqkDGETS02,TREAWIKS,,
05/22/23,05/19/23,SP,DM INTERNATIONAL LLC,952964,2843779,587336,39337,$900.00,ACH to FIRSTLINE FUNDING,Not Started,zz1h0smubvb0mqkDGETS02,DMINCLMI,,
05/22/23,05/19/23,SP,ARTANNE EXPRESS INC,720599,2059112,588571,1567324,"$2,970.00",ACH to FIRSTLINE FUNDING,Not Started,zz1h0qrth9n2r7sDGETS02,ARTASCIL,,
05/22/23,05/19/23,SP,NAVI INC,957383,2858727,571159,3012,"$1,800.00",ACH to CD CONSORTIUM CORPORATION dba CAPITAL DEPOT,Not Started,zz1h0qrv79p2egsDGETS02,NAVIBLMI,,
05/22/23,05/19/23,SP,FREIGHT CONNECTION LLC,1332860,3752773,590429,2414TO,$150.00,ACH to ASSIST FINANCIAL SERVICES dba AFS,Not Started,zz1h0smufen0mqkDGETS02,FREISAFL,,
05/22/23,05/19/23,SP,TRANSFINITY LOGISTICS INC,806964,2355940,587452,587452,"$1,400.00",ACH to JD FACTORS LLC,Not Started,zz1h0t41hul22n4DGETS05,TRANADIL,,
05/22/23,05/19/23,SP,M7 TRANSPORTATION LLC,977577,2904384,587026,2056,$740.00,ACH to JD FACTORS LLC,Not Started,zz1h0qrtg082r7sDGETS02,M7TRFOTX,,
05/22/23,05/19/23,SP,ATLANTIC CARGO INC,1189257,3551017,587622,ATLC6684,$205.00,ACH to ORANGE COMMERCIAL CREDIT,Not Started,zz1h0t41i0j22n4DGETS05,ATLANEDE,,
05/22/23,05/19/23,SP,GRAND LINE GROUP INC,1145863,3486182,584808,1024113,$700.00,"ACH to WEX FLEET ONE FACTORING, LLC",Not Started,zz1h0qs3hnr2mdgDGETS04,GRANPAIL,,
05/22/23,05/19/23,SP,JOGA SINGH,861096,2486980,588265,588265,"$1,900.00","ACH to WEX FLEET ONE FACTORING, LLC",Not Started,zz1h0smud7g0mqkDGETS02,MANNSTCA,,
05/22/23,05/19/23,SP,KASAK WORLD LOGISTICS INC,1218103,3593618,587734,587734,$494.00,"ACH to WEX FLEET ONE FACTORING, LLC",Not Started,zz1h0smucib0mqkDGETS02,KASALEOH,,
05/30/23,05/19/23,SP,PROVIDENCE TRANSPORT LLC,851622,1803778,588319,28273,$375.00,"ACH to WEX FLEET ONE FACTORING, LLC",Not Started,zz1h1k1kquj16h8DGETS02,PROVWETX,,
05/22/23,05/19/23,SP,EXPRESSWAY LOGISTICS LLC,908380,2590034,587676,587676,$725.00,"ACH to WEX FLEET ONE FACTORING, LLC",Not Started,zz1h0smucgb0mqkDGETS02,EXPRCOOH,,
05/22/23,05/19/23,SP,GURMINDER SINGH GREWAL,719987,2054420,588957,28337,"$2,600.00","ACH to WEX FLEET ONE FACTORING, LLC",Not Started,zz1h0smuds70mqkDGETS02,GURMLOKY,,
05/22/23,05/19/23,SP,LEVI LOGISTICS INC,1190410,3552699,588840,2625,$550.00,ACH to INTEGRA FUNDING SOLUTIONS LLC,Not Started,zz1h0smudhg0mqkDGETS02,LEVISATX,,
05/26/23,05/19/23,SP,LEVI LOGISTICS INC,1190410,3552699,586228,2598,$500.00,ACH to INTEGRA FUNDING SOLUTIONS LLC,Not Started,zz1h1aae4752ld0DGETS04,LEVISATX,,
05/22/23,05/19/23,SP,ALL AMERICAN TRANSPORT LLC,1099594,3410711,588874,5579,$575.00,ACH to ENGAGED FINANCIAL,Not Started,zz1h0smudnq0mqkDGETS02,ALLAHUTX,,
05/22/23,05/19/23,SP,H&J TRANSPORT LLC,1068462,3341791,583861,519,"$1,100.00",ACH to ENGAGED FINANCIAL,Not Started,zz1h0smsk450jqkDGETS02,HJTRMIMN,,
05/22/23,05/19/23,SP,CIRCLE O INC,56868,3063897,588940,122728,$900.00,ACH to ENGAGED FINANCIAL,Not Started,zz1h0smudq20mqkDGETS02,CIRCCIOH,,
05/22/23,05/19/23,SP,SAFEWAY TRANSPORTATION INC,814276,2372957,585470,LOAD0585470,$780.00,"ACH to AMERICAN FACTORING GROUP, INC.",Not Started,zz1h0t41gdu22n4DGETS05,SAFECANJ,,
05/22/23,05/19/23,SP,HOTHI FREIGHTLINES,833484,2420086,578221,40977,"$4,200.00","ACH to CRESTMARK TPG, LLC",Not Started,zz1h0smsifs0jqkDGETS02,HOTHSACA,,
05/22/23,05/19/23,SP,JASHON TRUCKING LLC,74567,3095809,589229,3480033,$700.00,ACH to TBS FACTORING SERVICE,Not Started,zz1h0smuec20mqkDGETS02,JASHKAMO,,
05/22/23,05/19/23,SP,RJ TRANSPORT LLC,988485,2928276,580587,3478532,$450.00,ACH to TBS FACTORING SERVICE,Not Started,zz1h0smsinh0jqkDGETS02,RJTRSHPA,,
05/22/23,05/19/23,SP,RJ TRANSPORT LLC,988485,2928276,580591,3478531,$450.00,ACH to TBS FACTORING SERVICE,Not Started,zz1h0smsipe0jqkDGETS02,RJTRSHPA,,
05/22/23,05/19/23,SP,SIN TRANSIT LLC,1185306,3545354,588690,3479373,"$1,247.00",ACH to TBS FACTORING SERVICE,Not Started,zz1h0t41ii022n4DGETS05,SINTATGA,,
05/22/23,05/19/23,SP,RAM ENTERPRISE EXPRESS TRUCK,1332870,3681263,577087,3479669,"$1,300.00",ACH to TBS FACTORING SERVICE,Not Started,zz1h0t41fam22n4DGETS05,RAMEMCGA,,
05/22/23,05/19/23,SP,RAM ENTERPRISE EXPRESS TRUCK,1332870,3681263,577091,3479678,"$1,300.00",ACH to TBS FACTORING SERVICE,Not Started,zz1h0t41fcp22n4DGETS05,RAMEMCGA,,
05/22/23,05/19/23,SP,RAM ENTERPRISE EXPRESS TRUCK,1332870,3681263,577082,3479670,"$1,300.00",ACH to TBS FACTORING SERVICE,Not Started,zz1h0t3tfdq2dqoDGETS05,RAMEMCGA,,
05/22/23,05/19/23,SP,RAM ENTERPRISE EXPRESS TRUCK,1332870,3681263,577089,3479665,"$1,330.00",ACH to TBS FACTORING SERVICE,Not Started,zz1h0t3tfhd2dqoDGETS05,RAMEMCGA,,
05/22/23,05/19/23,SP,HMD TRUCKING INC,415186,976560,587123,420060A,$750.00,ACH to HMD TRUCKING INC,Not Started,zz1h0smubap0mqkDGETS02,HMDTCHIL,,
05/22/23,05/19/23,SP,AMERICAN FREIGHT CORP,583299,1575042,585180,32288,"$1,225.00","ACH to TCI BUSINESS CAPITAL, INC",Not Started,zz1h0t41g9522n4DGETS05,AMERLACA,,
05/22/23,05/19/23,SP,BERMUDA TRANSPORT INC,53256,3057406,587367,1474,"$1,950.00","ACH to TCI BUSINESS CAPITAL, INC",Not Started,zz1h0smuc1c0mqkDGETS02,BERMJENJ,,
05/22/23,05/19/23,SP,BRAVO EXPRESS TRANSPORTATION,1345457,3770083,587119,966181,"$5,140.00",ACH to NEXT DAY FUNDING,Not Started,zz1h0qrtg4l2r7sDGETS02,BRAVLEIL,,
05/22/23,05/19/23,SP,SLEDGE AND SONS TRUCKING LLC,823505,2116264,588270,588270,$690.00,ACH to LOVE'S FINANCIAL – QUICK FUNDING DIVISION,Not Started,zz1h0t41icm22n4DGETS05,SLEDBAMS,,
05/22/23,05/19/23,SP,SLEDGE AND SONS TRUCKING LLC,823505,2116264,586535,586535,$450.00,ACH to LOVE'S FINANCIAL – QUICK FUNDING DIVISION,Not Started,zz1h0t41guo22n4DGETS05,SLEDBAMS,,
05/22/23,05/19/23,SP,PLATINUM TRANSPORTATION INTERNATIONAL,1129383,3460474,581535,INVCTF000039,"$1,355.00",ACH to SAINT JOHN CAPITAL CORPORATION,Not Started,zz1h0smsive0jqkDGETS02,PLATORFL,,
05/22/23,05/19/23,SP,K&K FREIGHTWAYS INC,33695,3019753,588013,9088,"$6,500.00","ACH to J & J FUNDING, INC",Not Started,zz1h0t41i8v22n4DGETS05,KKFRFRCA,,
05/22/23,05/19/23,SP,RAYRO TRANSPORT LLC,,3045884,584492,584492,$375.00,ACH to TAFS,Not Started,zz1h0smskst0jqkDGETS02,RAYRALTX,,
05/22/23,05/19/23,SP,BEE ZONE LOGISTICS LLC,1055075,3191514,589962,589962,"$2,400.00",ACH to TAFS,Not Started,zz1h0t41j6l22n4DGETS05,BEEZRIOH,,
05/22/23,05/19/23,SP,4P TRANSPORTATION AND CARRIER LLC,1370921,3804934,583732,1,$700.00,ACH to TAFS,Not Started,zz1h0qs3guq2mdgDGETS04,4PTRSHCT,,
05/22/23,05/19/23,SP,CREATIVE TRADE GROUP INC,1073707,3354881,589598,589598,$345.00,ACH to ECAPITAL FREIGHT FACTORING CORP,Not Started,zz1h0smuegb0mqkDGETS02,FOXCSTCT,,
05/22/23,05/19/23,SP,CREATIVE TRADE GROUP INC,1073707,3354881,589614,589614,$850.00,ACH to ECAPITAL FREIGHT FACTORING CORP,Not Started,zz1h0smueio0mqkDGETS02,FOXCSTCT,,
05/22/23,05/19/23,SP,CREATIVE TRADE GROUP INC,1073707,3354881,588154,588154,$450.00,ACH to ECAPITAL FREIGHT FACTORING CORP,Not Started,zz1h0smud3i0mqkDGETS02,FOXCSTCT,,
05/22/23,05/19/23,SP,CREATIVE TRADE GROUP INC,1073707,3354881,588161,588161,$800.00,ACH to ECAPITAL FREIGHT FACTORING CORP,Not Started,zz1h0smud5f0mqkDGETS02,FOXCSTCT,,
05/22/23,05/19/23,SP,CREATIVE TRADE GROUP INC,1073707,3354881,589335,589335,$300.00,ACH to ECAPITAL FREIGHT FACTORING CORP,Not Started,zz1h0qs3lie2mdgDGETS04,FOXCSTCT,,
05/22/23,05/19/23,SP,CREATIVE TRADE GROUP INC,1073707,3354881,588850,588850,$200.00,ACH to ECAPITAL FREIGHT FACTORING CORP,Not Started,zz1h0qs3l8n2mdgDGETS04,FOXCSTCT,,
05/22/23,05/19/23,SP,DALLAS MOTOR CARRIER TRANSPORT LLC,779491,2281957,587249,INVOICE,$490.00,ACH to ECAPITAL FREIGHT FACTORING CORP,Not Started,zz1h0t41his22n4DGETS05,DMCTMATX,,
05/22/23,05/19/23,SP,BAUTISTA TRANSPORT LLC,57979,2929715,586214,586214,$350.00,ACH to ECAPITAL FREIGHT FACTORING CORP,Not Started,zz1h0qs3j6p2mdgDGETS04,BAUTLATX,,
05/22/23,05/19/23,SP,SPACE X LTD,1189719,3551722,587070,587070,$150.00,ACH to GREAT PLAINS TRANSPORTATION SERVICES,Not Started,zz1h0t3tgen2dqoDGETS05,SPACCHIL,,
05/22/23,05/19/23,SP,EAGLE TURBO FREIGHT INC,1199515,3566036,584057,584057,$800.00,"ACH to RTS FINANCIAL SERVICE, INC",Not Started,zz1h0smsk8c0jqkDGETS02,EAGLYUCA,,
05/22/23,05/19/23,SP,THOUSAND STAR TRUCKING CO LLC,1154592,3499571,584413,2161,"$1,600.00","ACH to RTS FINANCIAL SERVICE, INC",Not Started,zz1h0smskoo0jqkDGETS02,THOUSAMO,,
05/22/23,05/19/23,SP,LUDA EXPRESS INC,924925,2778740,584159,8796,"$3,000.00","ACH to RTS FINANCIAL SERVICE, INC",Not Started,zz1h0smskgt0jqkDGETS02,LUDAELCA,,
05/22/23,05/19/23,SP,LUDA EXPRESS INC,924925,2778740,582481,8799,"$3,000.00","ACH to RTS FINANCIAL SERVICE, INC",Not Started,zz1h0t3tfsq2dqoDGETS05,LUDAELCA,,
05/22/23,05/19/23,SP,DALI TRANSPORTATION LLC,825001,2399080,583946,139189,"$1,600.00","ACH to RTS FINANCIAL SERVICE, INC",Not Started,zz1h0smsk650jqkDGETS02,PRIMSCI1,,
05/22/23,05/19/23,SP,MIDTOWN EXPRESS INC,660269,1818971,582978,6726,$675.00,"ACH to RTS FINANCIAL SERVICE, INC",Not Started,zz1h0smsjdu0jqkDGETS02,MIDTWECA,,
05/22/23,05/19/23,SP,BHATTI TRUCKING COMPANY LLC,1101554,3413984,583350,583350,$639.00,"ACH to RTS FINANCIAL SERVICE, INC",Not Started,zz1h0smsjka0jqkDGETS02,BHATLOKY,,
05/22/23,05/19/23,SP,BHATTI TRUCKING COMPANY LLC,1101554,3413984,583353,583353,$750.00,"ACH to RTS FINANCIAL SERVICE, INC",Not Started,zz1h0smsjm90jqkDGETS02,BHATLOKY,,
05/22/23,05/19/23,SP,BHATTI TRUCKING COMPANY LLC,1101554,3413984,583358,583358,$715.00,"ACH to RTS FINANCIAL SERVICE, INC",Not Started,zz1h0smsjo70jqkDGETS02,BHATLOKY,,
05/22/23,05/19/23,SP,BHATTI TRUCKING COMPANY LLC,1101554,3413984,583360,583360,$620.00,"ACH to RTS FINANCIAL SERVICE, INC",Not Started,zz1h0smsjqi0jqkDGETS02,BHATLOKY,,
05/22/23,05/19/23,SP,BHATTI TRUCKING COMPANY LLC,1101554,3413984,583361,583361,$620.00,"ACH to RTS FINANCIAL SERVICE, INC",Not Started,zz1h0smsju80jqkDGETS02,BHATLOKY,,
05/22/23,05/19/23,SP,BHATTI TRUCKING COMPANY LLC,1101554,3413984,583366,583366,$700.00,"ACH to RTS FINANCIAL SERVICE, INC",Not Started,zz1h0smsk060jqkDGETS02,BHATLOKY,,
05/22/23,05/19/23,SP,BHATTI TRUCKING COMPANY LLC,1101554,3413984,583823,583823,$700.00,"ACH to RTS FINANCIAL SERVICE, INC",Not Started,zz1h0smsk230jqkDGETS02,BHATLOKY,,
05/22/23,05/19/23,SP,BHATTI TRUCKING COMPANY LLC,1101554,3413984,584327,584327,$620.00,"ACH to RTS FINANCIAL SERVICE, INC",Not Started,zz1h0smskku0jqkDGETS02,BHATLOKY,,
05/22/23,05/19/23,SP,BHATTI TRUCKING COMPANY LLC,1101554,3413984,584331,584331,$639.00,"ACH to RTS FINANCIAL SERVICE, INC",Not Started,zz1h0smskmo0jqkDGETS02,BHATLOKY,,
06/01/23,05/19/23,SP,BHATTI TRUCKING COMPANY LLC,1101554,3413984,584897,584897,$673.00,"ACH to RTS FINANCIAL SERVICE, INC",Not Started,zz1h1poic7e0ttsDGETS05,BHATLOKY,,
05/22/23,05/19/23,SP,BOSTAN EXPRESS INC,44137,3039860,587281,1003817,$600.00,"ACH to RTS FINANCIAL SERVICE, INC",Not Started,zz1h0t41hoq22n4DGETS05,BOSTPAIL,,
05/22/23,05/19/23,SP,NEW RIVER TRUCKING INC,1016105,3237222,569885,233,"$2,000.00","ACH to RTS FINANCIAL SERVICE, INC",Not Started,zz1h0qbfe9b3alkDGETS05,NEWRFRCA,,
05/22/23,05/19/23,SP,ATLANTIC STARS 1 LLC,103720,3148887,584491,3497,$375.00,"ACH to RTS FINANCIAL SERVICE, INC",Not Started,zz1h0smskr00jqkDGETS02,ATLAJAFL,,
05/22/23,05/19/23,SP,LYHNIDAS EXPRESS INC,1129786,3461128,583119,583119,$600.00,"ACH to RTS FINANCIAL SERVICE, INC",Not Started,zz1h0smsjg80jqkDGETS02,LINTLIMI,,
05/22/23,05/19/23,SP,LYHNIDAS EXPRESS INC,1129786,3461128,583135,583135,$592.00,"ACH to RTS FINANCIAL SERVICE, INC",Not Started,zz1h0smsji90jqkDGETS02,LINTLIMI,,
05/22/23,05/19/23,SP,BRAVO LOGISTICS LLC,1031511,3268673,588963,1869,"$3,000.00","ACH to RTS FINANCIAL SERVICE, INC",Not Started,zz1h0smudua0mqkDGETS02,BRAVMAMO,,
05/22/23,05/19/23,SP,REAL TRUCKING INC.,603609,1637762,579614,3092036,$900.00,"ACH to RTS FINANCIAL SERVICE, INC",Not Started,zz1h0smsilk0jqkDGETS02,REALBRIL,,
05/23/23,05/19/23,SP,VILANO INCORPORATED,731324,2096573,577417,83298,$677.00,"ACH to RTS FINANCIAL SERVICE, INC",Not Started,zz1h12jimto2p78DGETS03,VILACRIL,,
05/22/23,05/19/23,SP,JASBIR SINGH BAINS,736463,2112438,584274,10416,$400.00,"ACH to RTS FINANCIAL SERVICE, INC",Not Started,zz1h0smskj00jqkDGETS02,UTSYUCA,,
05/22/23,05/19/23,SP,MUZOM TRANSPORTATION INC,848295,2456325,584134,98152,"$2,175.00","ACH to RTS FINANCIAL SERVICE, INC",Not Started,zz1h0smska90jqkDGETS02,MUZOKIFL,,
05/22/23,05/19/23,SP,STATE EXPRESS INC,844472,2447112,577971,231204,"$1,400.00","ACH to RTS FINANCIAL SERVICE, INC",Not Started,zz1h0smsidt0jqkDGETS02,STATWOIL,,
05/22/23,05/19/23,SP,BOND TRANSIT INC,789460,2312547,582205,82563,$900.00,"ACH to RTS FINANCIAL SERVICE, INC",Not Started,zz1h0smsj9g0jqkDGETS02,BONDORIL,,
05/22/23,05/19/23,SP,FREEDOM TRUCKING INC,765145,2205089,571155,OTR11707672,"$1,790.00",ACH to OTR SOLUTIONS,Not Started,zz1h0smshsn0jqkDGETS02,FREESANJ,,
05/22/23,05/19/23,SP,JSBH TRANSPORTATION LLC,2556,2957141,585707,OTR11715143,$600.00,ACH to OTR SOLUTIONS,Not Started,zz1h0t41gg322n4DGETS05,JSBHJENJ,,
05/22/23,05/19/23,SP,QUALITY CARRIERS OF MISSISSI,1173893,3528618,589181,OTR11718079,$950.00,ACH to OTR SOLUTIONS,Not Started,zz1h0smue890mqkDGETS02,QUALCOMS,,
05/22/23,05/19/23,SP,QUALITY CARRIERS OF MISSISSI,1173893,3528618,587138,OTR11715172,$940.00,ACH to OTR SOLUTIONS,Not Started,zz1h0t41hb322n4DGETS05,QUALCOMS,,
05/22/23,05/19/23,SP,QUALITY CARRIERS OF MISSISSI,1173893,3528618,587777,OTR11714942,$900.00,ACH to OTR SOLUTIONS,Not Started,zz1h0t41i6v22n4DGETS05,QUALCOMS,,
05/22/23,05/19/23,SP,AREVALO'S TRANSPORTATION AND LOGISTICS L,1271547,3105525,562325,OTR11718564,$698.00,ACH to OTR SOLUTIONS,Not Started,zz1h0t41f7l22n4DGETS05,ALLANETX,,
05/22/23,05/19/23,SP,JKC INVESTMENT INC,937756,2886878,590095,OTR11712150,$275.00,ACH to OTR SOLUTIONS,Not Started,zz1h0smuf890mqkDGETS02,JKCIELIL,,
05/22/23,05/19/23,SP,GALAXY TRUCKING LLC,1057410,3322342,543693,OTR10868317,"$1,500.00",ACH to OTR SOLUTIONS,Not Started,zz1h0qbtkos3alkDGETS05,GALAFRVA,,
05/23/23,05/19/23,SP,ROBIN FREIGHT CORP,13106,2978679,574314,OTR11716492,"$4,650.00",ACH to OTR SOLUTIONS,Not Started,zz1h12j8n4c0vvgDGETS05,ROBIDOFL,,
05/22/23,05/19/23,SP,CLEMENTS ON THE GO TRANSPORT,1495178,3987925,589084,OTR11707378,$515.00,ACH to OTR SOLUTIONS,Not Started,zz1h0t41it222n4DGETS05,CLEMGAGA,,
05/22/23,05/19/23,SP,A-1 LOGISTICS & INVESTMENTS LLC,1503516,4000697,587387,511742,$700.00,ACH to ITHRIVE FUNDING LLC,Not Started,zz1h0smuc3c0mqkDGETS02,A1LOBOKY,,
05/22/23,05/19/23,SP,AVCA TRANS LLC,900252,2574516,590396,511667,$150.00,ACH to ITHRIVE FUNDING LLC,Not Started,zz1h0smufa90mqkDGETS02,AVCAWEUT,,
05/22/23,05/19/23,SP,BIG A LOGISTICS LLC,26419,3005661,581456,578080,$554.00,ACH to FACTORSPOT INC.,Not Started,zz1h0smsisu0jqkDGETS02,BIGAROMD,,
05/22/23,05/19/23,SP,VAMAR INC,102006,3145664,589958,156516,"$2,000.00",ACH to TRIUMPH FINANCIAL SERVICES,Not Started,zz1h0smuf470mqkDGETS02,VAMAWEIL,,
05/22/23,05/19/23,SP,EAGLE TRANSIT INC,1126398,3455753,589093,19384132,"$1,150.00",ACH to TRIUMPH FINANCIAL SERVICES,Not Started,zz1h0qs3lcg2mdgDGETS04,EAGLMAC1,,
05/22/23,05/19/23,SP,MARATHON TRANSPORT LLC,1162390,3511394,572830,19095628,$600.00,ACH to TRIUMPH FINANCIAL SERVICES,Not Started,zz1h0qrv7dh2egsDGETS02,MARAATGA,,
05/22/23,05/19/23,SP,MONKEY'S TRANSPORT LLC,1175567,3521119,587400,19389833,"$1,400.00",ACH to TRIUMPH FINANCIAL SERVICES,Not Started,zz1h0smuc5d0mqkDGETS02,MONKEACA,,
05/22/23,05/19/23,SP,MURRY TRANS INC,1206000,3575669,587745,19386016,$650.00,ACH to TRIUMPH FINANCIAL SERVICES,Not Started,zz1h0smuckf0mqkDGETS02,MURRDEMI,,
05/22/23,05/19/23,SP,MURRY TRANS INC,1206000,3575669,587125,19386017,$650.00,ACH to TRIUMPH FINANCIAL SERVICES,Not Started,zz1h0smubcp0mqkDGETS02,MURRDEMI,,
05/23/23,05/19/23,SP,MURRY TRANS INC,1206000,3575669,587737,19386019,$650.00,ACH to TRIUMPH FINANCIAL SERVICES,Not Started,zz1h12ji1nv18k4DGETS05,MURRDEMI,,
05/22/23,05/19/23,SP,JAMES BONDURANT,1127806,3457994,586820,19386205,$888.81,ACH to TRIUMPH FINANCIAL SERVICES,Not Started,zz1h0qrtfnm2r7sDGETS02,JCBTBYMS,,
05/24/23,05/19/23,SP,AVALA EXPRESS LLC,836574,2427589,585362,32002,"$1,150.00",ACH to TRIUMPH FINANCIAL SERVICES,Not Started,zz1h155okio1jvkDGETS05,AVALIRWI,,
05/22/23,05/19/23,SP,VSS TRANSPORTATION GROUP INC,284464,2545275,590084,B196033,$600.00,ACH to TRIUMPH FINANCIAL SERVICES,Not Started,zz1h0t41j8g22n4DGETS05,VSSTCOTX,,
05/22/23,05/19/23,SP,UNIQUE FREIGHT CARRIERS INC,894276,2562511,584556,69860,$150.00,ACH to TRIUMPH FINANCIAL SERVICES,Not Started,zz1h0t3tfus2dqoDGETS05,UNIQBRIL,,
05/22/23,05/19/23,SP,PRIDE USA INC,875229,2486192,589705,85365,$475.00,ACH to TRIUMPH FINANCIAL SERVICES,Not Started,zz1h0smuer80mqkDGETS02,PRIDVEIL,,
05/22/23,05/19/23,SP,JAROGA'S TRUCKING LLC,958568,2860989,588633,19390430,"$2,000.00",ACH to TRIUMPH FINANCIAL SERVICES,Not Started,zz1h0smudbi0mqkDGETS02,JAROELTX,,
05/22/23,05/19/23,SP,TWO BROTHERS FREIGHT INC,99720,3141768,589151,22694,"$1,300.00",ACH to TRIUMPH FINANCIAL SERVICES,Not Started,zz1h0smue6b0mqkDGETS02,TWOBALIL,,
05/23/23,05/19/23,SP,KAL FREIGHT INC,871115,2511620,587461,291450,"$2,720.00",ACH to TRIUMPH FINANCIAL SERVICES,Not Started,zz1h12j8po00vvgDGETS05,KALFFOCA,,
06/15/23,05/19/23,SP,LEVI LOGISTICS INC,1190410,3552699,583582,2529,$550.00,ACH to INTEGRA FUNDING SOLUTIONS LLC,Not Started,zz1h2tqq3d714qsDGETS05,LEVISATX,,
06/13/23,05/19/23,SP,MOUNTAIN TRUCKING LLC,1506405,4005164,586363,586363,$300.00,ACH to NFUSION  CAPITAL LLC,Not Started,zz1h2oleihk2ap8DGETS05,MOUNSOUT,,
06/15/23,05/19/23,SP,ORO TRANSPORTATION LLC,958079,2860041,581393,581393,$600.00,ACH to CARRIERNET GROUP,Not Started,zz1h2tqfh5h219kDGETS03,OROTBLMN,,
06/19/23,05/19/23,SP,EASTCOAST FREIGHT AND LOGISTICS LLC,1203174,3479106,575305,575305,$600.00,ACH to ECAPITAL FREIGHT FACTORING CORP,Not Started,zz1h32uupb200vkDGETS02,EASTLIGA,,
06/19/23,05/19/23,SP,PREET TRANSPORT LLC,1102331,3415178,581462,INVOICE,$500.00,ACH to ECAPITAL FREIGHT FACTORING CORP,Not Started,zz1h32uupho00vkDGETS02,PREEPAWA,,
06/05/23,06/02/23,SP,IDEAL TRANS LLC,858725,2481305,592416,58217,"$1,000.00",ACH *5951,Not Started,zz1h1utrt0q31mgDGETS04,IDEAPHPA,,
06/05/23,06/02/23,SP,KRAZE TRUCKING LLC,302380,637719,573737,87024,"$1,000.00",ACH *1810,Not Started,zz1h1utevup2ft0DGETS05,KRAZAMWI,,
06/05/23,06/02/23,SP,WOODY BOGLER TRUCKING COMPANY,204262,452325,589835,782395,$650.00,ACH *4792,Not Started,zz1h1utf2qe2ft0DGETS05,WOODGEMO,,
06/05/23,06/02/23,SP,B4 TRANSPORTATION INC,677169,1876166,591177,112257,$500.00,ACH *7096,Not Started,zz1h1utf3o52ft0DGETS05,B4TRINNV,,
06/05/23,06/02/23,SP,US XPRESS INC,188121,303024,595060,SCACUSXI,"$1,300.00",ACH *5533,Not Started,zz1h1utfa4p2ft0DGETS05,USXPCHTN,,
06/05/23,06/02/23,SP,PAC TRANSPORT LLC,773911,2266849,595954,595954,$150.00,ACH *7529,Not Started,zz1h1utrvk331mgDGETS04,PACTVAWA,,
06/05/23,06/02/23,SP,CARDINAL LOGISTICS MANAGEMENT CORPORATIO,154105,191496,583977,583977,"$1,000.00",ACH *7211,Not Started,zz1h1utf0dh2ft0DGETS05,CARDCONC,,
06/05/23,06/02/23,SP,TRANSCO LINES INC,184249,260968,590414,1041845,"$2,100.00",Check,Not Started,zz1h1utf3232ft0DGETS05,TRANRUAR,,
06/05/23,06/02/23,SP,MILSPED FREIGHT LLC,132268,3187195,591138,202304917,$700.00,ACH *6385,Not Started,zz1h1utecou3s70DGETS04,MILSHAIN,,
06/05/23,06/02/23,SP,MILSPED FREIGHT LLC,132268,3187195,588305,202304500,$836.00,ACH *6385,Not Started,zz1h1uteb383s70DGETS04,MILSHAIN,,
06/05/23,06/02/23,SP,FAITH DELIVERIES CORP,817960,2377029,590147,F11680,"$2,300.00",ACH *0212,Not Started,zz1h1utec7r3s70DGETS04,FAITCOGA,,
06/05/23,06/02/23,SP,HAYER TRANSPORT LLC,484766,1224522,595832,15360,$150.00,USD Check,Not Started,zz1h1utrv9e31mgDGETS04,HAYEBEMI,,
06/05/23,06/02/23,SP,HAYER TRANSPORT LLC,484766,1224522,589847,15359,$575.00,USD Check,Not Started,zz1h1utf2sc2ft0DGETS05,HAYEBEMI,,
06/05/23,06/02/23,SP,KANDEL TRANSPORT INC,207880,431102,593924,93647A,$455.00,ACH *6367,Not Started,zz1h1utru7f31mgDGETS04,KANDTAOH,,
06/05/23,06/02/23,SP,JIM LAWRENCE TRANSPORTATION INC,676759,1874527,594166,101474,$900.00,ACH *3900,Not Started,zz1h1utrucs31mgDGETS04,JIMLSTFL,,
06/05/23,06/02/23,SP,GSA INTERNATIONAL LTD,165803,261876,593163,303207,$540.00,ACH *5461,Not Started,zz1h1utrtft31mgDGETS04,GSAIWAMI,,
06/05/23,06/02/23,SP,TLD LOGISTICS SERVICES INC,658802,1820774,592181,462241,$988.85,ACH *7413,Not Started,zz1h1utrsfc31mgDGETS04,TLDLKNTN,,
06/05/23,06/02/23,SP,SCHNEIDER NATIONAL CARRIERS INC,133655,264184,593388,63740006,$766.00,ACH *3016,Not Started,zz1h1utrtp031mgDGETS04,SCHNGRWI,,
06/05/23,06/02/23,SP,SCHNEIDER NATIONAL CARRIERS INC,133655,264184,586873,63703547,$856.00,ACH *3016,Not Started,zz1h1ujns2b06rcDGETS03,SCHNGRWI,,
06/05/23,06/02/23,SP,SCHNEIDER NATIONAL CARRIERS INC,133655,264184,589126,63706611,"$1,324.00",ACH *3016,Not Started,zz1h1ujnsjt06rcDGETS03,SCHNGRWI,,
06/05/23,06/02/23,SP,SCHNEIDER NATIONAL CARRIERS INC,133655,264184,589689,63706614,"$1,605.00",ACH *3016,Not Started,zz1h1ujnt0j06rcDGETS03,SCHNGRWI,,
06/05/23,06/02/23,SP,SCHNEIDER NATIONAL CARRIERS INC,133655,264184,589815,63730959,$544.00,ACH *3016,Not Started,zz1h1ujnt2o06rcDGETS03,SCHNGRWI,,
06/05/23,06/02/23,SP,SCHNEIDER NATIONAL CARRIERS INC,133655,264184,589881,63730960,"$1,069.00",ACH *3016,Not Started,zz1h1ujnt5d06rcDGETS03,SCHNGRWI,,
06/05/23,06/02/23,SP,SCHNEIDER NATIONAL CARRIERS INC,133655,264184,591445,63754866,"$1,740.00",ACH *3016,Not Started,zz1h1ujnuca06rcDGETS03,SCHNGRWI,,
06/05/23,06/02/23,SP,SCHNEIDER NATIONAL CARRIERS INC,133655,264184,591448,63740001,"$1,740.00",ACH *3016,Not Started,zz1h1ujnuet06rcDGETS03,SCHNGRWI,,
06/05/23,06/02/23,SP,SCHNEIDER NATIONAL CARRIERS INC,133655,264184,592900,63754868,$578.00,ACH *3016,Not Started,zz1h1ujnvu606rcDGETS03,SCHNGRWI,,
06/05/23,06/02/23,SP,SCHNEIDER NATIONAL CARRIERS INC,133655,264184,585357,63703545,$685.00,ACH *3016,Not Started,zz1h1uteako3s70DGETS04,SCHNGRWI,,
06/05/23,06/02/23,SP,SCHNEIDER NATIONAL CARRIERS INC,133655,264184,586697,63706609,"$1,452.00",ACH *3016,Not Started,zz1h1utear43s70DGETS04,SCHNGRWI,,
06/05/23,06/02/23,SP,SCHNEIDER NATIONAL CARRIERS INC,133655,264184,591450,63754867,"$1,920.00",ACH *3016,Not Started,zz1h1utecvd3s70DGETS04,SCHNGRWI,,
06/05/23,06/02/23,SP,SCHNEIDER NATIONAL CARRIERS INC,133655,264184,589673,63706613,$493.00,ACH *3016,Not Started,zz1h1utec2m3s70DGETS04,SCHNGRWI,,
06/05/23,06/02/23,SP,SCHNEIDER NATIONAL CARRIERS INC,133655,264184,584861,63704276,$838.00,ACH *3016,Not Started,zz1h1utf0k82ft0DGETS05,SCHNGRWI,,
06/05/23,06/02/23,SP,SCHNEIDER NATIONAL CARRIERS INC,133655,264184,590461,63739997,"$1,196.00",ACH *3016,Not Started,zz1h1utf3482ft0DGETS05,SCHNGRWI,,
06/05/23,06/02/23,SP,BLUESTAR SERVICES LLC,692852,1947663,592539,1872,"$1,500.00",Check,Not Started,zz1h1utedra3s70DGETS04,BLUEROIL,,
06/05/23,06/02/23,SP,"TVS, INC.",163871,273403,593599,384011,$890.00,ACH *8743,Not Started,zz1h1uteehv3s70DGETS04,DEEPBIAL,,
06/05/23,06/02/23,SP,WERNER ENTERPRISES INC,138328,53467,588848,39665528,"$1,200.00",ACH *0248,Not Started,zz1h1utf2bh2ft0DGETS05,WERNOMNE,,
06/05/23,06/02/23,SP,WERNER ENTERPRISES INC,138328,53467,575705,39603614,"$3,900.00",ACH *0248,Not Started,zz1h1utf00p2ft0DGETS05,WERNOMNE,,
06/05/23,06/02/23,SP,WERNER ENTERPRISES INC,138328,53467,589010,39665466,"$1,590.00",ACH *0248,Not Started,zz1h1utebmi3s70DGETS04,WERNOMNE,,
06/05/23,06/02/23,SP,MEIBORG BROTHERS INC,200038,190639,594550,401004,$700.00,ACH *6815,Not Started,zz1h1uteeuv3s70DGETS04,MEIBROIL,,
06/05/23,06/02/23,SP,AAA FREIGHT INC,740661,2028041,591388,265031,"$1,200.00",ACH *1491,Not Started,zz1h1utecqv3s70DGETS04,AAAFMEIL,,
06/05/23,06/02/23,SP,E DIAZ TRUCKING INC,682092,1896873,590308,5444,$850.00,ACH *9807,Not Started,zz1h1utk31v06rcDGETS03,EDIALOCA,,
06/05/23,06/02/23,SP,E DIAZ TRUCKING INC,682092,1896873,590311,5444,$850.00,ACH *9807,Not Started,zz1h1utk34u06rcDGETS03,EDIALOCA,,
06/05/23,06/02/23,SP,E DIAZ TRUCKING INC,682092,1896873,590313,5444,$850.00,ACH *9807,Not Started,zz1h1utk36v06rcDGETS03,EDIALOCA,,
06/05/23,06/02/23,SP,E DIAZ TRUCKING INC,682092,1896873,590314,5444,$850.00,ACH *9807,Not Started,zz1h1utk39l06rcDGETS03,EDIALOCA,,
06/05/23,06/02/23,SP,E DIAZ TRUCKING INC,682092,1896873,590316,5444,$989.65,ACH *9807,Not Started,zz1h1utk3ca06rcDGETS03,EDIALOCA,,
06/05/23,06/02/23,SP,E DIAZ TRUCKING INC,682092,1896873,590317,5444,$981.11,ACH *9807,Not Started,zz1h1utk3iu06rcDGETS03,EDIALOCA,,
06/05/23,06/02/23,SP,E DIAZ TRUCKING INC,682092,1896873,590336,5444,$850.00,ACH *9807,Not Started,zz1h1utk3o806rcDGETS03,EDIALOCA,,
06/05/23,06/02/23,SP,E DIAZ TRUCKING INC,682092,1896873,590353,5444,$850.00,ACH *9807,Not Started,zz1h1utk4vq06rcDGETS03,EDIALOCA,,
06/05/23,06/02/23,SP,E DIAZ TRUCKING INC,682092,1896873,590354,5444,$850.00,ACH *9807,Not Started,zz1h1utk51t06rcDGETS03,EDIALOCA,,
06/05/23,06/02/23,SP,E DIAZ TRUCKING INC,682092,1896873,590355,5444,$850.00,ACH *9807,Not Started,zz1h1utk54a06rcDGETS03,EDIALOCA,,
06/05/23,06/02/23,SP,E DIAZ TRUCKING INC,682092,1896873,590356,5444,$850.00,ACH *9807,Not Started,zz1h1utk56906rcDGETS03,EDIALOCA,,
06/05/23,06/02/23,SP,E DIAZ TRUCKING INC,682092,1896873,590357,5444,$850.00,ACH *9807,Not Started,zz1h1utk58806rcDGETS03,EDIALOCA,,
06/05/23,06/02/23,SP,E DIAZ TRUCKING INC,682092,1896873,590358,5444,$850.00,ACH *9807,Not Started,zz1h1utk5a806rcDGETS03,EDIALOCA,,
06/05/23,06/02/23,SP,E DIAZ TRUCKING INC,682092,1896873,590359,5444,$850.00,ACH *9807,Not Started,zz1h1utk5c606rcDGETS03,EDIALOCA,,
06/05/23,06/02/23,SP,PAN AMERICAN CARGO LLC,1100107,3411498,594507,128084,"$2,500.00",ACH *8838,Not Started,zz1h1utf97v2ft0DGETS05,PANADEOH,,
06/05/23,06/02/23,SP,PAN AMERICAN CARGO LLC,1100107,3411498,595180,128286,"$2,600.00",ACH *8838,Not Started,zz1h1utef6s3s70DGETS04,PANADEOH,,
06/05/23,06/02/23,SP,SHAHEEN TRANSPORT LLC,902095,2344053,592742,592742,"$3,000.00",ACH *3889,Not Started,zz1h1utedte3s70DGETS04,SHAHLICA,,
06/05/23,06/02/23,SP,"ROGERS TRANSPORT, INC.",199244,282650,593536,43178,$700.00,ACH *9296,Not Started,zz1h1utrtvt31mgDGETS04,ROGEATGA,,
06/05/23,06/02/23,SP,E & F TRANSPORTS INC,1100882,3412825,592439,592439,$600.00,ACH *3304,Not Started,zz1h1utedko3s70DGETS04,EFTRNOMI,,
06/05/23,06/02/23,SP,FRIENDLY LOGISTICS INC,1361009,3791395,594737,594737,$975.00,ACH *7409,Not Started,zz1h1utrukb31mgDGETS04,FRIECUWI,,
06/05/23,06/02/23,SP,PLANET GROUP INC,825673,2400741,594969,594969,$925.00,ACH *3739,Not Started,zz1h1utef2k3s70DGETS04,PLANCAIL,,
06/05/23,06/02/23,SP,TRINITY DISTRIBUTIONS LLC,587132,1446129,595159,15739,$550.00,ACH *3452,Not Started,zz1h1utfadk2ft0DGETS05,TRINHOT1,,
06/05/23,06/02/23,SP,SAMEY TRANSPORT INC,1008360,3221634,589526,1602,"$1,150.00",Check,Not Started,zz1h1utf2lt2ft0DGETS05,SAMENOON,,
06/05/23,06/02/23,SP,DLC ENTERPRISE INC,,2362732,591224,53123,$400.00,ACH *8124,Not Started,zz1h1ujnu4i06rcDGETS03,DLCEMETN,,
06/05/23,06/02/23,SP,ROLLOE LLC,865779,2498494,588981,588981,"$1,600.00",ACH *9447,Not Started,zz1h1utebfg3s70DGETS04,ROLLMAOH,,
06/05/23,06/02/23,SP,ATS INC,286926,606920,588054,6654986,$630.00,Check,Not Started,zz1h1uteb193s70DGETS04,ATSISAMN,,
06/05/23,06/02/23,SP,DYNAMIC TRANSIT COMPANY,236575,437693,592034,311228,"$1,500.00",Check,Not Started,zz1h1utrs7131mgDGETS04,DYNAGRIL,,
06/05/23,06/02/23,SP,FBC TRANSPORTATION GROUP INC,1471181,3952114,595294,LOADID0595294,$600.00,ACH *6756,Not Started,zz1h1utfahv2ft0DGETS05,FBCTWANJ,,
06/05/23,06/02/23,SP,IDEAL TRANS LLC,858725,2481305,594471,58226,"$2,200.00",ACH *5951,Not Started,zz1h1ujo1a006rcDGETS03,IDEAPHPA,,
06/05/23,06/02/23,SP,IDEAL TRANS LLC,858725,2481305,595285,58219,"$2,700.00",ACH *5951,Not Started,zz1h1ujo2bd06rcDGETS03,IDEAPHPA,,
06/05/23,06/02/23,SP,IDEAL TRANS LLC,858725,2481305,588025,58228,$800.00,ACH *5951,Not Started,zz1h1utrpai31mgDGETS04,IDEAPHPA,,
06/05/23,06/02/23,SP,"WORLDWIDE EXPRESS OPERATIONS, LLC",635576,2241484,592111,2305125255,$165.27,ACH *1662,Not Started,zz1h1uto2i019f4DGETS03,WORLDATX,,
06/05/23,06/02/23,SP,"WORLDWIDE EXPRESS OPERATIONS, LLC",635576,2241484,590773,2305125253,$192.99,ACH *1662,Not Started,zz1h1uto0of19f4DGETS03,WORLDATX,,
06/05/23,06/02/23,SP,"WORLDWIDE EXPRESS OPERATIONS, LLC",635576,2241484,591402,2305125265,$152.13,ACH *1662,Not Started,zz1h1uto1c319f4DGETS03,WORLDATX,,
06/05/23,06/02/23,SP,"WORLDWIDE EXPRESS OPERATIONS, LLC",635576,2241484,584248,2305125245,$362.70,ACH *1662,Not Started,zz1h1utnv4619f4DGETS03,WORLDATX,,
06/05/23,06/02/23,SP,"WORLDWIDE EXPRESS OPERATIONS, LLC",635576,2241484,585494,2305125251,$488.08,ACH *1662,Not Started,zz1h1utnv9819f4DGETS03,WORLDATX,,
06/05/23,06/02/23,SP,"WORLDWIDE EXPRESS OPERATIONS, LLC",635576,2241484,587113,2305125261,"$1,201.25",ACH *1662,Not Started,zz1h1utnvc119f4DGETS03,WORLDATX,,
06/05/23,06/02/23,SP,"WORLDWIDE EXPRESS OPERATIONS, LLC",635576,2241484,587265,2305125259,$617.84,ACH *1662,Not Started,zz1h1utnvep19f4DGETS03,WORLDATX,,
06/05/23,06/02/23,SP,"WORLDWIDE EXPRESS OPERATIONS, LLC",635576,2241484,587465,2305125263,$427.23,ACH *1662,Not Started,zz1h1utnvhk19f4DGETS03,WORLDATX,,
06/05/23,06/02/23,SP,"WORLDWIDE EXPRESS OPERATIONS, LLC",635576,2241484,588959,2305125267,$325.03,ACH *1662,Not Started,zz1h1utnvsi19f4DGETS03,WORLDATX,,
06/05/23,06/02/23,SP,"WORLDWIDE EXPRESS OPERATIONS, LLC",635576,2241484,589782,2305125257,$594.74,ACH *1662,Not Started,zz1h1uto03519f4DGETS03,WORLDATX,,
06/12/23,06/02/23,SP,"WORLDWIDE EXPRESS OPERATIONS, LLC",635576,2241484,599069,2305125249,$467.70,ACH *1662,Not Started,zz1h2gu7ibj3tdkDGETS02,WORLDATX,,
06/05/23,06/02/23,SP,TITAN TRANSFER INC,370584,845505,571091,571091,$750.00,ACH *6981,Not Started,zz1h1utnugf19f4DGETS03,TITASHTN,,
06/09/23,06/02/23,SP,WESTERN FLYER EXPRESS LLC,309036,658909,594786,1003819,$645.00,ACH *9886,Not Started,zz1h2dloq4g0fd8DGETS03,WESTOKOK,,
06/07/23,06/02/23,SP,US XPRESS INC,188121,303024,593732,4379779,"$1,300.00",ACH *5533,Not Started,zz1h297ekai3r04DGETS02,USXPCHTN,,
06/06/23,06/02/23,SP,US XPRESS INC,188121,303024,594130,594130,$875.00,ACH *5533,Not Started,zz1h26k6lo71uhcDGETS04,USXPCHTN,,
06/20/23,06/02/23,SP,US XPRESS INC,188121,303024,592514,4367452,$800.00,ACH *5533,Not Started,zz1h3am850j2iecDGETS05,USXPCHTN,,
06/06/23,06/02/23,SP,TRI NATIONAL INC,492993,1266329,586269,2009364,$500.00,ACH *4258,Not Started,zz1h26k6iap1uhcDGETS04,TRINSTMO,,
06/05/23,06/02/23,SP,ARCTIC TRANSPORTATION INC,937727,2812567,593088,1884,"$1,500.00",ACH *2192,Not Started,zz1h1utf6es2ft0DGETS05,ARCTBEMI,,
06/05/23,06/02/23,SP,TRANSCO LINES INC,184249,260968,589780,1041206,"$1,900.00",Check,Not Started,zz1h1utrqpt31mgDGETS04,TRANRUAR,,
06/05/23,06/02/23,SP,"A-1 TRANSPORTATION SERVICES, LLC",374094,842022,593373,64926150T,"$3,200.00",Check,Not Started,zz1h1uto48r19f4DGETS03,A1TRSAUT,,
06/05/23,06/02/23,SP,MILSPED FREIGHT LLC,132268,3187195,590475,202304725,$850.00,ACH *6385,Not Started,zz1h1utrrfg31mgDGETS04,MILSHAIN,,
06/06/23,06/02/23,SP,LAKHA TRANSPORT INC,88576,3122183,592694,592694,"$1,500.00",USD Check,Not Started,zz1h26k6jrh1uhcDGETS04,LAKHMION,,
06/08/23,06/02/23,SP,H & P FARMS OF SMITHVILLE LLC,523560,1363413,593540,23267,"$1,047.50",ACH *8368,Not Started,zz1h2bq0iat2bokDGETS02,HPFASMTN,,
06/05/23,06/02/23,SP,SCHNEIDER NATIONAL CARRIERS INC,133655,264184,590512,63739998,$750.00,ACH *3016,Not Started,zz1h1utrrhe31mgDGETS04,SCHNGRWI,,
06/07/23,06/02/23,SP,SCHNEIDER NATIONAL CARRIERS INC,133655,264184,592287,63740004,$627.00,ACH *3016,Not Started,zz1h297ejbf3r04DGETS02,SCHNGRWI,,
06/05/23,06/02/23,SP,SCHNEIDER NATIONAL CARRIERS INC,133655,264184,589807,63730958,$849.00,ACH *3016,Not Started,zz1h1uto06319f4DGETS03,SCHNGRWI,,
06/05/23,06/02/23,SP,SCHNEIDER NATIONAL CARRIERS INC,133655,264184,589127,63706612,"$1,350.00",ACH *3016,Not Started,zz1h1utrqan31mgDGETS04,SCHNGRWI,,
06/05/23,06/02/23,SP,SCHNEIDER NATIONAL CARRIERS INC,133655,264184,588548,63706610,"$1,406.00",ACH *3016,Not Started,zz1h1utrppt31mgDGETS04,SCHNGRWI,,
06/05/23,06/02/23,SP,SCHNEIDER NATIONAL CARRIERS INC,133655,264184,579583,63739996,$795.00,ACH *3016,Not Started,zz1h1utrnrs31mgDGETS04,SCHNGRWI,,
06/05/23,06/02/23,SP,SCHNEIDER NATIONAL CARRIERS INC,133655,264184,581810,63703541,$686.00,ACH *3016,Not Started,zz1h1utro1231mgDGETS04,SCHNGRWI,,
06/05/23,06/02/23,SP,SCHNEIDER NATIONAL CARRIERS INC,133655,264184,582173,63730957,$957.00,ACH *3016,Not Started,zz1h1utro5431mgDGETS04,SCHNGRWI,,
06/05/23,06/02/23,SP,SCHNEIDER NATIONAL CARRIERS INC,133655,264184,582578,63703543,$686.00,ACH *3016,Not Started,zz1h1utro7231mgDGETS04,SCHNGRWI,,
06/05/23,06/02/23,SP,SCHNEIDER NATIONAL CARRIERS INC,133655,264184,586800,63684755,$602.00,ACH *3016,Not Started,zz1h1utrojd31mgDGETS04,SCHNGRWI,,
06/05/23,06/02/23,SP,SCHNEIDER NATIONAL CARRIERS INC,133655,264184,591319,63739999,"$1,740.00",ACH *3016,Not Started,zz1h1utf4g32ft0DGETS05,SCHNGRWI,,
06/05/23,06/02/23,SP,SCHNEIDER NATIONAL CARRIERS INC,133655,264184,591320,63747923,"$1,800.00",ACH *3016,Not Started,zz1h1utf4i02ft0DGETS05,SCHNGRWI,,
06/05/23,06/02/23,SP,SCHNEIDER NATIONAL CARRIERS INC,133655,264184,591926,63740002,"$1,736.00",ACH *3016,Not Started,zz1h1utf5532ft0DGETS05,SCHNGRWI,,
06/05/23,06/02/23,SP,SCHNEIDER NATIONAL CARRIERS INC,133655,264184,592285,63740003,"$1,445.00",ACH *3016,Not Started,zz1h1utf5b62ft0DGETS05,SCHNGRWI,,
06/05/23,06/02/23,SP,SCHNEIDER NATIONAL CARRIERS INC,133655,264184,592569,63740005,"$1,739.00",ACH *3016,Not Started,zz1h1utf5o42ft0DGETS05,SCHNGRWI,,
06/05/23,06/02/23,SP,"CROSS INTEGRATED TRANSPORT, LLC",775867,2195271,592436,21713,$700.00,Check,Not Started,zz1h1uto38p19f4DGETS03,CROSDITX,,
06/05/23,06/02/23,SP,ATAMAN LOGISTICS INC,70843,3088948,588796,4007,$725.00,ACH *9213,Not Started,zz1h1utrq2i31mgDGETS04,ATAMSYNY,,
06/06/23,06/02/23,SP,GTS TRANSPORTATION CORPORATION,675058,1870373,594854,IN000011086601,"$1,200.00",ACH *4268,Not Started,zz1h26k6mi51uhcDGETS04,GTSTWIIL,,
06/06/23,06/02/23,SP,STEENS CREEK TRANSPORTATION LLC,831787,2415974,590731,4556,$750.00,Check,Not Started,zz1h26koqmj2uu4DGETS05,STEERIMS,,
06/05/23,06/02/23,SP,"AVERITT EXPRESS, INC.",121600,36684,588752,588752,$750.00,ACH *5514,Not Started,zz1h1utrq0d31mgDGETS04,AVERCOTN,,
06/05/23,06/02/23,SP,"AVERITT EXPRESS, INC.",121600,36684,588364,588364,$750.00,ACH *5514,Not Started,zz1h1utrpm531mgDGETS04,AVERCOTN,,
06/05/23,06/02/23,SP,"AVERITT EXPRESS, INC.",121600,36684,587223,587223,"$1,315.00",ACH *5514,Not Started,zz1h1utrouf31mgDGETS04,AVERCOTN,,
06/05/23,06/02/23,SP,"AVERITT EXPRESS, INC.",121600,36684,587636,587636,"$1,100.00",ACH *5514,Not Started,zz1h1utrp4l31mgDGETS04,AVERCOTN,,
06/05/23,06/02/23,SP,"AVERITT EXPRESS, INC.",121600,36684,587639,587639,"$1,100.00",ACH *5514,Not Started,zz1h1utrp6j31mgDGETS04,AVERCOTN,,
06/05/23,06/02/23,SP,"AVERITT EXPRESS, INC.",121600,36684,585887,585887,"$1,300.00",ACH *5514,Not Started,zz1h1utroev31mgDGETS04,AVERCOTN,,
06/05/23,06/02/23,SP,RALPH WALKER INC,144083,87873,593603,83779,"$1,200.00",Check,Not Started,zz1h1ujo0l006rcDGETS03,RALPRIMS,,
06/05/23,06/02/23,SP,SWIFT TRANSPORTATION,136818,54283,594493,3568298,$150.00,ACH *0561,Not Started,zz1h1ujo1cn06rcDGETS03,SWIFPHAZ,,
06/06/23,06/02/23,SP,ASCEND TRANSPORTATION LLC,191929,439352,571831,2024530,"$1,300.00",ACH *1002,Not Started,zz1h26kop1s2uu4DGETS05,JBSEPOMS,,
06/05/23,06/02/23,SP,"RIVERSIDE TRANSPORT, INC.",270137,546015,594800,2435137A,$500.00,ACH *5066,Not Started,zz1h1ujo1si06rcDGETS03,RIVEKAKS,,
06/06/23,06/02/23,SP,"TRIPLE D EXPRESS, INC.",278825,573265,593650,156625,"$1,200.00",ACH *7442,Not Started,zz1h26kosfl2uu4DGETS05,TRIPSTNC,,
06/05/23,06/02/23,SP,E DIAZ TRUCKING INC,682092,1896873,590309,5444,$850.00,ACH *9807,Not Started,zz1h1ur5h9f06rcDGETS03,EDIALOCA,,
06/05/23,06/02/23,SP,E DIAZ TRUCKING INC,682092,1896873,590310,5444,$850.00,ACH *9807,Not Started,zz1h1ur7r5806rcDGETS03,EDIALOCA,,
06/05/23,06/02/23,SP,E DIAZ TRUCKING INC,682092,1896873,590312,5444,$850.00,ACH *9807,Not Started,zz1h1urad4r06rcDGETS03,EDIALOCA,,
06/05/23,06/02/23,SP,E DIAZ TRUCKING INC,682092,1896873,590315,5444,$850.00,ACH *9807,Not Started,zz1h1ure0cn06rcDGETS03,EDIALOCA,,
06/05/23,06/02/23,SP,E DIAZ TRUCKING INC,682092,1896873,590349,5444,$850.00,ACH *9807,Not Started,zz1h1urlp9o06rcDGETS03,EDIALOCA,,
06/05/23,06/02/23,SP,E DIAZ TRUCKING INC,682092,1896873,590375,5444,$850.00,ACH *9807,Not Started,zz1h1urnu8k06rcDGETS03,EDIALOCA,,
06/05/23,06/02/23,SP,E DIAZ TRUCKING INC,682092,1896873,590337,5444,$850.00,ACH *9807,Not Started,zz1h1utk3qc06rcDGETS03,EDIALOCA,,
06/05/23,06/02/23,SP,E DIAZ TRUCKING INC,682092,1896873,590338,5444,$850.00,ACH *9807,Not Started,zz1h1utk3sc06rcDGETS03,EDIALOCA,,
06/05/23,06/02/23,SP,E DIAZ TRUCKING INC,682092,1896873,590339,5444,$850.00,ACH *9807,Not Started,zz1h1utk3u806rcDGETS03,EDIALOCA,,
06/05/23,06/02/23,SP,E DIAZ TRUCKING INC,682092,1896873,590340,5444,$899.40,ACH *9807,Not Started,zz1h1utk40806rcDGETS03,EDIALOCA,,
06/05/23,06/02/23,SP,E DIAZ TRUCKING INC,682092,1896873,590341,5444,$850.00,ACH *9807,Not Started,zz1h1utk45d06rcDGETS03,EDIALOCA,,
06/05/23,06/02/23,SP,E DIAZ TRUCKING INC,682092,1896873,590342,5444,$850.00,ACH *9807,Not Started,zz1h1utk47606rcDGETS03,EDIALOCA,,
06/05/23,06/02/23,SP,E DIAZ TRUCKING INC,682092,1896873,590343,5444,$850.00,ACH *9807,Not Started,zz1h1utk49706rcDGETS03,EDIALOCA,,
06/05/23,06/02/23,SP,E DIAZ TRUCKING INC,682092,1896873,590344,5444,$850.00,ACH *9807,Not Started,zz1h1utk4b306rcDGETS03,EDIALOCA,,
06/05/23,06/02/23,SP,E DIAZ TRUCKING INC,682092,1896873,590345,5444,$850.00,ACH *9807,Not Started,zz1h1utk4dd06rcDGETS03,EDIALOCA,,
06/05/23,06/02/23,SP,E DIAZ TRUCKING INC,682092,1896873,590346,5444,$968.75,ACH *9807,Not Started,zz1h1utk4fj06rcDGETS03,EDIALOCA,,
06/05/23,06/02/23,SP,E DIAZ TRUCKING INC,682092,1896873,590347,5444,$850.00,ACH *9807,Not Started,zz1h1utk4kv06rcDGETS03,EDIALOCA,,
06/05/23,06/02/23,SP,E DIAZ TRUCKING INC,682092,1896873,590348,5444,$850.00,ACH *9807,Not Started,zz1h1utk4nb06rcDGETS03,EDIALOCA,,
06/05/23,06/02/23,SP,E DIAZ TRUCKING INC,682092,1896873,590350,5444,$850.00,ACH *9807,Not Started,zz1h1utk4pa06rcDGETS03,EDIALOCA,,
06/05/23,06/02/23,SP,E DIAZ TRUCKING INC,682092,1896873,590352,5444,$850.00,ACH *9807,Not Started,zz1h1utk4tj06rcDGETS03,EDIALOCA,,
06/05/23,06/02/23,SP,E DIAZ TRUCKING INC,682092,1896873,590360,5444,$850.00,ACH *9807,Not Started,zz1h1utk5e906rcDGETS03,EDIALOCA,,
06/05/23,06/02/23,SP,E DIAZ TRUCKING INC,682092,1896873,590361,5444,$850.00,ACH *9807,Not Started,zz1h1utk5g306rcDGETS03,EDIALOCA,,
06/05/23,06/02/23,SP,E DIAZ TRUCKING INC,682092,1896873,590362,5444,$850.00,ACH *9807,Not Started,zz1h1utk5i306rcDGETS03,EDIALOCA,,
06/05/23,06/02/23,SP,E DIAZ TRUCKING INC,682092,1896873,590363,5444,$850.00,ACH *9807,Not Started,zz1h1utk5ju06rcDGETS03,EDIALOCA,,
06/05/23,06/02/23,SP,E DIAZ TRUCKING INC,682092,1896873,590364,5444,$850.00,ACH *9807,Not Started,zz1h1utk5ma06rcDGETS03,EDIALOCA,,
06/05/23,06/02/23,SP,E DIAZ TRUCKING INC,682092,1896873,590365,5444,$947.85,ACH *9807,Not Started,zz1h1utk5o806rcDGETS03,EDIALOCA,,
06/05/23,06/02/23,SP,E DIAZ TRUCKING INC,682092,1896873,590366,5444,$850.00,ACH *9807,Not Started,zz1h1utk5tf06rcDGETS03,EDIALOCA,,
06/05/23,06/02/23,SP,E DIAZ TRUCKING INC,682092,1896873,590367,5444,$850.00,ACH *9807,Not Started,zz1h1utk5vi06rcDGETS03,EDIALOCA,,
06/05/23,06/02/23,SP,E DIAZ TRUCKING INC,682092,1896873,590368,5444,$850.00,ACH *9807,Not Started,zz1h1utk61d06rcDGETS03,EDIALOCA,,
06/05/23,06/02/23,SP,E DIAZ TRUCKING INC,682092,1896873,590369,5444,$850.00,ACH *9807,Not Started,zz1h1utk63g06rcDGETS03,EDIALOCA,,
06/05/23,06/02/23,SP,E DIAZ TRUCKING INC,682092,1896873,590370,5444,$850.00,ACH *9807,Not Started,zz1h1utk65e06rcDGETS03,EDIALOCA,,
06/05/23,06/02/23,SP,E DIAZ TRUCKING INC,682092,1896873,590371,5444,$850.00,ACH *9807,Not Started,zz1h1utk67a06rcDGETS03,EDIALOCA,,
06/05/23,06/02/23,SP,E DIAZ TRUCKING INC,682092,1896873,590372,5444,$850.00,ACH *9807,Not Started,zz1h1utk69806rcDGETS03,EDIALOCA,,
06/05/23,06/02/23,SP,E DIAZ TRUCKING INC,682092,1896873,590373,5444,$850.00,ACH *9807,Not Started,zz1h1utk6bi06rcDGETS03,EDIALOCA,,
06/05/23,06/02/23,SP,E DIAZ TRUCKING INC,682092,1896873,590374,5444,$850.00,ACH *9807,Not Started,zz1h1utk6dr06rcDGETS03,EDIALOCA,,
06/05/23,06/02/23,SP,GP TRANSPORTATION CO,583633,1527352,593539,230506823,"$1,001.00",ACH *4134,Not Started,zz1h1utf7cv2ft0DGETS05,GPTRAUIL,,
06/05/23,06/02/23,SP,GREEN LINE LOGISTICS INC,460071,1134211,577431,16687,"$2,000.00",ACH *3002,Not Started,zz1h1utrnna31mgDGETS04,GREECHI1,,
06/05/23,06/02/23,SP,SAV EXPRESS INC,334891,733062,593530,11077541,"$1,570.00",Check,Not Started,zz1h1uto4e319f4DGETS03,SAVECOMN,,
06/05/23,06/02/23,SP,PAN AMERICAN CARGO LLC,1100107,3411498,593550,127921,"$2,000.00",ACH *8838,Not Started,zz1h1utf7eu2ft0DGETS05,PANADEOH,,
06/06/23,06/02/23,SP,Y F TRUCKING INC,914817,2629323,592507,592507,"$3,800.00",Check,Not Started,zz1h26kfkcr35hsDGETS04,YFTRCOCA,,
06/06/23,06/02/23,SP,"STROLLIN WEST, LLC",437046,1041070,593843,28982,$160.00,Check,Not Started,zz1h26kkq0p4084DGETS02,STROMAWI,,
06/06/23,06/02/23,SP,"STROLLIN WEST, LLC",437046,1041070,593777,28980,$160.00,Check,Not Started,zz1h26koshl2uu4DGETS05,STROMAWI,,
06/06/23,06/02/23,SP,"STROLLIN WEST, LLC",437046,1041070,593806,28981,$160.00,Check,Not Started,zz1h26kosjn2uu4DGETS05,STROMAWI,,
06/06/23,06/02/23,SP,"STROLLIN WEST, LLC",437046,1041070,593813,28979,$160.00,Check,Not Started,zz1h26koslj2uu4DGETS05,STROMAWI,,
06/06/23,06/02/23,SP,"STROLLIN WEST, LLC",437046,1041070,593829,28984,$160.00,Check,Not Started,zz1h26kosni2uu4DGETS05,STROMAWI,,
06/06/23,06/02/23,SP,"STROLLIN WEST, LLC",437046,1041070,593832,28985,$160.00,Check,Not Started,zz1h26kospf2uu4DGETS05,STROMAWI,,
06/06/23,06/02/23,SP,"STROLLIN WEST, LLC",437046,1041070,593835,28983,$160.00,Check,Not Started,zz1h26kosrd2uu4DGETS05,STROMAWI,,
06/05/23,06/02/23,SP,"STROLLIN WEST, LLC",437046,1041070,593784,28977,$160.00,Check,Not Started,zz1h1utf85j2ft0DGETS05,STROMAWI,,
06/05/23,06/02/23,SP,"STROLLIN WEST, LLC",437046,1041070,593791,28976,$160.00,Check,Not Started,zz1h1utf87g2ft0DGETS05,STROMAWI,,
06/05/23,06/02/23,SP,"STROLLIN WEST, LLC",437046,1041070,593818,28978,$160.00,Check,Not Started,zz1h1utf89t2ft0DGETS05,STROMAWI,,
06/05/23,06/02/23,SP,TURF BROKERS INC,349302,385488,572676,6168,$275.00,Check,Not Started,zz1h1utrngl31mgDGETS04,DAYTRENV,,
06/05/23,06/02/23,SP,TURF BROKERS INC,349302,385488,572679,6165,$275.00,Check,Not Started,zz1h1utnuqe19f4DGETS03,DAYTRENV,,
06/05/23,06/02/23,SP,SHAHEEN TRANSPORT LLC,902095,2344053,589916,589916,"$3,100.00",ACH *3889,Not Started,zz1h1utrqts31mgDGETS04,SHAHLICA,,
06/06/23,06/02/23,SP,LOOFTANZA ROADLINER EXPRESS LLC,981110,2911761,590385,590385,$694.50,ACH *8063,Not Started,zz1h26k6iu41uhcDGETS04,LOOFWYTX,,
06/05/23,06/02/23,SP,E & F TRANSPORTS INC,1100882,3412825,592648,592648,$600.00,ACH *3304,Not Started,zz1h1uto3f619f4DGETS03,EFTRNOMI,,
06/05/23,06/02/23,SP,DAVID VALENZUELA DBA MAX11 E,768205,2123268,592737,M3032,$220.00,Check,Not Started,zz1h1uto3jv19f4DGETS03,DAVILOCA,,
06/07/23,06/02/23,SP,DANNY WOOD TRUCKING LLC,535511,1414676,593758,1030608,$645.00,Check,Not Started,zz1h2974ri81do0DGETS04,DANNOKOK,,
06/07/23,06/02/23,SP,DANNY WOOD TRUCKING LLC,535511,1414676,594762,1030611,$645.00,Check,Not Started,zz1h297elpt3r04DGETS02,DANNOKOK,,
06/05/23,06/02/23,SP,"NATIONAL DISTRIBUTORS LEASING, INC.",505784,1304957,592667,72403,$950.00,ACH *6003,Not Started,zz1h1utbhok19f4DGETS03,NATISEIN,,
06/05/23,06/02/23,SP,AMW LOGISTICS INC,786177,2302777,593410,593410,$675.00,ACH *6982,Not Started,zz1h1ujo0du06rcDGETS03,AMWLSTMI,,
06/06/23,06/02/23,SP,DYNAMIC TRANSIT COMPANY,236575,437693,592050,311243,"$1,500.00",Check,Not Started,zz1h26kor482uu4DGETS05,DYNAGRIL,,
06/06/23,06/02/23,SP,"CALPRO EXPRESS, INC.",630728,1720075,594805,594805,"$1,075.95",ACH *8500,Not Started,zz1h26kksid4084DGETS02,CALPFRC1,,
,Total,,,,,,,"$482,474.26",,,,,,